timestamp,battery_voltage,battery_charging_current,battery_discharge_current,battery_capacity,battery_soc_percent,is_charging_on
2024-07-01T00:00:00,13.13,0.0,60.0,100.0,59.4,0
2024-07-01T00:05:00,13.08,0.0,60.0,100.0,58.9,0
2024-07-01T00:10:00,13.06,0.0,60.0,100.0,58.3,0
2024-07-01T00:15:00,13.03,0.0,60.0,100.0,57.8,0
2024-07-01T00:20:00,13.12,0.0,60.0,100.0,57.2,0
2024-07-01T00:25:00,12.97,0.0,60.0,100.0,56.7,0
2024-07-01T00:30:00,13.0,0.0,60.0,100.0,56.1,0
2024-07-01T00:35:00,13.01,0.0,60.0,99.99,55.6,0
2024-07-01T00:40:00,13.01,0.0,60.0,99.99,55.0,0
2024-07-01T00:45:00,12.93,0.0,60.0,99.99,54.5,0
2024-07-01T00:50:00,12.89,0.0,60.0,99.99,53.9,0
2024-07-01T00:55:00,12.86,0.0,60.0,99.99,53.4,0
2024-07-01T01:00:00,12.88,0.0,60.0,99.99,52.8,0
2024-07-01T01:05:00,12.85,0.0,60.0,99.99,52.3,0
2024-07-01T01:10:00,12.8,0.0,60.0,99.99,51.7,0
2024-07-01T01:15:00,12.82,0.0,60.0,99.99,51.2,0
2024-07-01T01:20:00,12.81,0.0,60.0,99.99,50.6,0
2024-07-01T01:25:00,12.81,0.0,60.0,99.99,50.0,0
2024-07-01T01:30:00,12.74,0.0,60.0,99.99,49.5,0
2024-07-01T01:35:00,12.73,0.0,60.0,99.99,48.9,0
2024-07-01T01:40:00,12.74,0.0,60.0,99.99,48.4,0
2024-07-01T01:45:00,12.68,0.0,60.0,99.98,47.8,0
2024-07-01T01:50:00,12.73,0.0,60.0,99.98,47.3,0
2024-07-01T01:55:00,12.65,0.0,60.0,99.98,46.7,0
2024-07-01T02:00:00,12.73,0.0,60.0,99.98,46.2,0
2024-07-01T02:05:00,12.67,0.0,60.0,99.98,45.6,0
2024-07-01T02:10:00,12.62,0.0,60.0,99.98,45.1,0
2024-07-01T02:15:00,12.6,0.0,60.0,99.98,44.5,0
2024-07-01T02:20:00,12.59,0.0,60.0,99.98,44.0,0
2024-07-01T02:25:00,12.56,0.0,60.0,99.98,43.4,0
2024-07-01T02:30:00,12.56,0.0,60.0,99.98,42.9,0
2024-07-01T02:35:00,12.57,0.0,60.0,99.98,42.3,0
2024-07-01T02:40:00,12.49,0.0,60.0,99.98,41.8,0
2024-07-01T02:45:00,12.49,0.0,60.0,99.98,41.2,0
2024-07-01T02:50:00,12.48,0.0,60.0,99.97,40.7,0
2024-07-01T02:55:00,12.5,0.0,60.0,99.97,40.1,0
2024-07-01T03:00:00,12.49,0.0,60.0,99.97,39.6,0
2024-07-01T03:05:00,12.43,0.0,60.0,99.97,39.0,0
2024-07-01T03:10:00,12.46,0.0,60.0,99.97,38.4,0
2024-07-01T03:15:00,12.38,0.0,60.0,99.97,37.9,0
2024-07-01T03:20:00,12.39,0.0,60.0,99.97,37.3,0
2024-07-01T03:25:00,12.36,0.0,60.0,99.97,36.8,0
2024-07-01T03:30:00,12.3,0.0,60.0,99.97,36.3,0
2024-07-01T03:35:00,12.29,0.0,60.0,99.97,35.7,0
2024-07-01T03:40:00,12.38,0.0,60.0,99.97,35.2,0
2024-07-01T03:45:00,12.31,0.0,60.0,99.97,34.6,0
2024-07-01T03:50:00,12.28,0.0,60.0,99.97,34.0,0
2024-07-01T03:55:00,12.31,0.0,60.0,99.97,33.5,0
2024-07-01T04:00:00,12.24,0.0,60.0,99.96,33.0,0
2024-07-01T04:05:00,12.2,0.0,60.0,99.96,32.4,0
2024-07-01T04:10:00,12.19,0.0,60.0,99.96,31.9,0
2024-07-01T04:15:00,12.16,0.0,60.0,99.96,31.3,0
2024-07-01T04:20:00,12.11,0.0,60.0,99.96,30.8,0
2024-07-01T04:25:00,12.15,0.0,60.0,99.96,30.2,0
2024-07-01T04:30:00,12.16,0.0,60.0,99.96,29.6,0
2024-07-01T04:35:00,12.1,0.0,60.0,99.96,29.1,0
2024-07-01T04:40:00,12.17,0.0,60.0,99.96,28.5,0
2024-07-01T04:45:00,12.03,0.0,60.0,99.96,28.0,0
2024-07-01T04:50:00,12.07,0.0,60.0,99.96,27.4,0
2024-07-01T04:55:00,12.1,0.0,60.0,99.96,26.9,0
2024-07-01T05:00:00,12.0,0.0,60.0,99.96,26.3,0
2024-07-01T05:05:00,11.98,0.0,60.0,99.95,25.8,0
2024-07-01T05:10:00,12.0,0.0,60.0,99.95,25.3,0
2024-07-01T05:15:00,12.0,0.0,60.0,99.95,24.7,0
2024-07-01T05:20:00,11.94,0.0,60.0,99.95,24.1,0
2024-07-01T05:25:00,11.93,0.0,60.0,99.95,23.6,0
2024-07-01T05:30:00,11.93,0.0,60.0,99.95,23.0,0
2024-07-01T05:35:00,11.93,0.0,60.0,99.95,22.5,0
2024-07-01T05:40:00,11.87,0.0,60.0,99.95,21.9,0
2024-07-01T05:45:00,11.87,0.0,60.0,99.95,21.4,0
2024-07-01T05:50:00,11.81,0.0,60.0,99.95,20.8,0
2024-07-01T05:55:00,11.82,0.0,60.0,99.95,20.3,0
2024-07-01T06:00:00,11.78,0.0,60.0,99.95,19.3,0
2024-07-01T06:05:00,11.71,0.0,60.0,99.95,18.4,0
2024-07-01T06:10:00,11.77,0.0,60.0,99.94,17.6,0
2024-07-01T06:15:00,11.65,0.0,60.0,99.94,16.7,0
2024-07-01T06:20:00,11.66,0.0,60.0,99.94,15.9,0
2024-07-01T06:25:00,11.67,0.0,60.0,99.94,15.1,0
2024-07-01T06:30:00,11.67,0.0,60.0,99.94,14.3,0
2024-07-01T06:35:00,11.61,0.0,60.0,99.94,13.6,0
2024-07-01T06:40:00,11.63,0.0,60.0,99.94,12.9,0
2024-07-01T06:45:00,11.58,0.0,60.0,99.94,12.2,0
2024-07-01T06:50:00,11.55,0.0,60.0,99.94,11.6,0
2024-07-01T06:55:00,11.56,0.0,60.0,99.94,11.0,0
2024-07-01T07:00:00,11.48,0.0,60.0,99.94,10.5,0
2024-07-01T07:05:00,11.49,0.0,60.0,99.94,10.0,0
2024-07-01T07:10:00,11.5,0.0,60.0,99.94,10.0,0
2024-07-01T07:15:00,11.52,0.0,60.0,99.94,10.0,0
2024-07-01T07:20:00,11.48,0.0,60.0,99.93,10.0,0
2024-07-01T07:25:00,11.49,0.0,58.25,99.93,10.0,0
2024-07-01T07:30:00,11.43,0.0,53.71,99.93,10.0,0
2024-07-01T07:35:00,11.44,0.0,50.29,99.93,10.0,0
2024-07-01T07:40:00,11.51,0.0,44.44,99.93,10.0,0
2024-07-01T07:45:00,11.46,0.0,35.57,99.93,10.0,0
2024-07-01T07:50:00,11.5,0.0,28.3,99.93,10.0,0
2024-07-01T07:55:00,11.51,0.0,25.7,99.93,10.0,0
2024-07-01T08:00:00,11.49,40.0,0.0,99.93,10.7,1
2024-07-01T08:05:00,11.56,40.0,0.0,99.93,11.4,1
2024-07-01T08:10:00,11.53,40.0,0.0,99.93,12.2,1
2024-07-01T08:15:00,11.61,40.0,0.0,99.93,13.0,1
2024-07-01T08:20:00,11.61,40.0,0.0,99.93,13.9,1
2024-07-01T08:25:00,11.64,40.0,0.0,99.92,14.8,1
2024-07-01T08:30:00,11.71,40.0,0.0,99.92,15.7,1
2024-07-01T08:35:00,11.64,40.0,0.0,99.92,16.6,1
2024-07-01T08:40:00,11.81,40.0,0.0,99.92,17.6,1
2024-07-01T08:45:00,11.77,40.0,0.0,99.92,18.6,1
2024-07-01T08:50:00,11.82,40.0,0.0,99.92,19.7,1
2024-07-01T08:55:00,11.86,40.0,0.0,99.92,20.8,1
2024-07-01T09:00:00,11.83,40.0,0.0,99.92,21.6,1
2024-07-01T09:05:00,11.91,40.0,0.0,99.92,22.5,1
2024-07-01T09:10:00,11.94,40.0,0.0,99.92,23.4,1
2024-07-01T09:15:00,11.94,40.0,0.0,99.92,24.4,1
2024-07-01T09:20:00,11.98,40.0,0.0,99.92,25.3,1
2024-07-01T09:25:00,12.0,40.0,0.0,99.92,26.4,1
2024-07-01T09:30:00,12.03,40.0,0.0,99.92,27.4,1
2024-07-01T09:35:00,12.13,40.0,0.0,99.91,28.4,1
2024-07-01T09:40:00,12.15,40.0,0.0,99.91,29.5,1
2024-07-01T09:45:00,12.15,40.0,0.0,99.91,30.6,1
2024-07-01T09:50:00,12.17,40.0,0.0,99.91,31.8,1
2024-07-01T09:55:00,12.25,40.0,0.0,99.91,33.0,1
2024-07-01T10:00:00,12.33,40.0,0.0,99.91,34.2,1
2024-07-01T10:05:00,12.32,40.0,0.0,99.91,35.4,1
2024-07-01T10:10:00,12.31,40.0,0.0,99.91,36.6,1
2024-07-01T10:15:00,12.36,40.0,0.0,99.91,37.9,1
2024-07-01T10:20:00,12.44,40.0,0.0,99.91,39.2,1
2024-07-01T10:25:00,12.51,40.0,0.0,99.91,40.5,1
2024-07-01T10:30:00,12.52,40.0,0.0,99.91,41.9,1
2024-07-01T10:35:00,12.55,40.0,0.0,99.91,43.2,1
2024-07-01T10:40:00,12.61,40.0,0.0,99.9,44.6,1
2024-07-01T10:45:00,12.71,40.0,0.0,99.9,46.0,1
2024-07-01T10:50:00,12.69,40.0,0.0,99.9,47.5,1
2024-07-01T10:55:00,12.73,40.0,0.0,99.9,48.9,1
2024-07-01T11:00:00,12.78,40.0,0.0,99.9,50.7,1
2024-07-01T11:05:00,12.87,40.0,0.0,99.9,52.4,1
2024-07-01T11:10:00,12.95,40.0,0.0,99.9,54.2,1
2024-07-01T11:15:00,12.92,40.0,0.0,99.9,56.0,1
2024-07-01T11:20:00,13.05,40.0,0.0,99.9,57.8,1
2024-07-01T11:25:00,13.05,40.0,0.0,99.9,59.6,1
2024-07-01T11:30:00,13.16,40.0,0.0,99.9,61.4,1
2024-07-01T11:35:00,13.26,40.0,0.0,99.9,63.2,1
2024-07-01T11:40:00,13.23,40.0,0.0,99.9,65.0,1
2024-07-01T11:45:00,13.38,40.0,0.0,99.9,66.9,1
2024-07-01T11:50:00,13.44,40.0,0.0,99.89,68.7,1
2024-07-01T11:55:00,13.46,40.0,0.0,99.89,70.6,1
2024-07-01T12:00:00,13.55,40.0,0.0,99.89,72.5,1
2024-07-01T12:05:00,13.55,40.0,0.0,99.89,74.3,1
2024-07-01T12:10:00,13.58,40.0,0.0,99.89,76.2,1
2024-07-01T12:15:00,13.67,40.0,0.0,99.89,78.1,1
2024-07-01T12:20:00,13.82,40.0,0.0,99.89,80.0,1
2024-07-01T12:25:00,13.85,40.0,0.0,99.89,81.9,1
2024-07-01T12:30:00,13.88,40.0,0.0,99.89,83.8,1
2024-07-01T12:35:00,13.94,40.0,0.0,99.89,85.6,1
2024-07-01T12:40:00,13.98,40.0,0.0,99.89,87.5,1
2024-07-01T12:45:00,14.1,40.0,0.0,99.89,89.4,1
2024-07-01T12:50:00,14.12,40.0,0.0,99.89,91.3,1
2024-07-01T12:55:00,14.21,40.0,0.0,99.88,93.2,1
2024-07-01T13:00:00,14.24,40.0,0.0,99.88,94.5,1
2024-07-01T13:05:00,14.24,40.0,0.0,99.88,95.9,1
2024-07-01T13:10:00,14.29,40.0,0.0,99.88,97.3,1
2024-07-01T13:15:00,14.35,40.0,0.0,99.88,98.6,1
2024-07-01T13:20:00,14.34,40.0,0.0,99.88,100.0,1
2024-07-01T13:25:00,14.42,40.0,0.0,99.88,100.0,1
2024-07-01T13:30:00,14.41,40.0,0.0,99.88,100.0,1
2024-07-01T13:35:00,14.34,40.0,0.0,99.88,100.0,1
2024-07-01T13:40:00,14.47,40.0,0.0,99.88,100.0,1
2024-07-01T13:45:00,14.38,40.0,0.0,99.88,100.0,1
2024-07-01T13:50:00,14.34,40.0,0.0,99.88,100.0,1
2024-07-01T13:55:00,14.41,40.0,0.0,99.88,100.0,1
2024-07-01T14:00:00,14.36,40.0,0.0,99.88,100.0,1
2024-07-01T14:05:00,14.47,40.0,0.0,99.87,100.0,1
2024-07-01T14:10:00,14.36,40.0,0.0,99.87,100.0,1
2024-07-01T14:15:00,14.39,40.0,0.0,99.87,100.0,1
2024-07-01T14:20:00,14.37,40.0,0.0,99.87,100.0,1
2024-07-01T14:25:00,14.37,40.0,0.0,99.87,100.0,1
2024-07-01T14:30:00,14.4,40.0,0.0,99.87,100.0,1
2024-07-01T14:35:00,14.32,40.0,0.0,99.87,100.0,1
2024-07-01T14:40:00,14.37,40.0,0.0,99.87,100.0,1
2024-07-01T14:45:00,14.38,40.0,0.0,99.87,100.0,1
2024-07-01T14:50:00,14.41,40.0,0.0,99.87,100.0,1
2024-07-01T14:55:00,14.36,40.0,0.0,99.87,100.0,1
2024-07-01T15:00:00,14.35,40.0,0.0,99.87,100.0,1
2024-07-01T15:05:00,14.41,40.0,0.0,99.87,100.0,1
2024-07-01T15:10:00,14.41,40.0,0.0,99.86,100.0,1
2024-07-01T15:15:00,14.39,40.0,0.0,99.86,100.0,1
2024-07-01T15:20:00,14.43,40.0,0.0,99.86,100.0,1
2024-07-01T15:25:00,14.36,40.0,0.0,99.86,100.0,1
2024-07-01T15:30:00,14.41,40.0,0.0,99.86,100.0,1
2024-07-01T15:35:00,14.4,40.0,0.0,99.86,100.0,1
2024-07-01T15:40:00,14.42,40.0,0.0,99.86,100.0,1
2024-07-01T15:45:00,14.43,40.0,0.0,99.86,100.0,1
2024-07-01T15:50:00,14.42,40.0,0.0,99.86,100.0,1
2024-07-01T15:55:00,14.39,40.0,0.0,99.86,100.0,1
2024-07-01T16:00:00,14.41,40.0,0.0,99.86,100.0,1
2024-07-01T16:05:00,14.44,40.0,0.0,99.86,100.0,1
2024-07-01T16:10:00,14.38,40.0,0.0,99.86,100.0,1
2024-07-01T16:15:00,14.37,40.0,0.0,99.85,100.0,1
2024-07-01T16:20:00,14.43,40.0,0.0,99.85,100.0,1
2024-07-01T16:25:00,14.42,40.0,0.0,99.85,100.0,1
2024-07-01T16:30:00,14.38,40.0,0.0,99.85,100.0,1
2024-07-01T16:35:00,14.45,40.0,0.0,99.85,100.0,1
2024-07-01T16:40:00,14.4,40.0,0.0,99.85,100.0,1
2024-07-01T16:45:00,14.47,40.0,0.0,99.85,100.0,1
2024-07-01T16:50:00,14.39,33.99,0.0,99.85,100.0,1
2024-07-01T16:55:00,14.38,29.97,0.0,99.85,100.0,1
2024-07-01T17:00:00,14.39,26.05,0.0,99.85,100.0,1
2024-07-01T17:05:00,14.43,20.43,0.0,99.85,100.0,1
2024-07-01T17:10:00,14.4,17.43,0.0,99.85,100.0,1
2024-07-01T17:15:00,14.41,13.42,0.0,99.85,100.0,1
2024-07-01T17:20:00,14.39,8.46,0.0,99.85,100.0,1
2024-07-01T17:25:00,14.36,3.47,0.0,99.84,100.0,1
2024-07-01T17:30:00,14.38,0.0,2.65,99.84,100.0,0
2024-07-01T17:35:00,14.37,0.0,5.32,99.84,99.9,0
2024-07-01T17:40:00,14.38,0.0,11.6,99.84,99.8,0
2024-07-01T17:45:00,14.4,0.0,15.76,99.84,99.7,0
2024-07-01T17:50:00,14.44,0.0,17.79,99.84,99.6,0
2024-07-01T17:55:00,14.38,0.0,23.29,99.84,99.4,0
2024-07-01T18:00:00,14.39,0.0,26.08,99.84,99.2,0
2024-07-01T18:05:00,14.4,0.0,32.3,99.84,98.9,0
2024-07-01T18:10:00,14.39,0.0,36.95,99.84,98.6,0
2024-07-01T18:15:00,14.38,0.0,41.55,99.84,98.3,0
2024-07-01T18:20:00,14.35,0.0,44.44,99.84,97.9,0
2024-07-01T18:25:00,14.33,0.0,48.27,99.84,97.6,0
2024-07-01T18:30:00,14.34,0.0,53.09,99.83,97.1,0
2024-07-01T18:35:00,14.26,0.0,60.0,99.83,96.7,0
2024-07-01T18:40:00,14.26,0.0,60.0,99.83,96.2,0
2024-07-01T18:45:00,14.28,0.0,60.0,99.83,95.7,0
2024-07-01T18:50:00,14.24,0.0,60.0,99.83,95.1,0
2024-07-01T18:55:00,14.24,0.0,60.0,99.83,94.5,0
2024-07-01T19:00:00,14.22,0.0,60.0,99.83,93.9,0
2024-07-01T19:05:00,14.16,0.0,60.0,99.83,93.3,0
2024-07-01T19:10:00,14.18,0.0,60.0,99.83,92.7,0
2024-07-01T19:15:00,14.15,0.0,60.0,99.83,92.0,0
2024-07-01T19:20:00,14.09,0.0,60.0,99.83,91.3,0
2024-07-01T19:25:00,14.13,0.0,60.0,99.83,90.6,0
2024-07-01T19:30:00,14.1,0.0,60.0,99.83,89.8,0
2024-07-01T19:35:00,14.03,0.0,60.0,99.83,89.1,0
2024-07-01T19:40:00,13.97,0.0,60.0,99.82,88.4,0
2024-07-01T19:45:00,13.99,0.0,60.0,99.82,87.7,0
2024-07-01T19:50:00,13.96,0.0,60.0,99.82,87.0,0
2024-07-01T19:55:00,13.98,0.0,60.0,99.82,86.3,0
2024-07-01T20:00:00,13.92,0.0,60.0,99.82,84.7,0
2024-07-01T20:05:00,13.83,0.0,60.0,99.82,83.1,0
2024-07-01T20:10:00,13.79,0.0,60.0,99.82,81.6,0
2024-07-01T20:15:00,13.78,0.0,60.0,99.82,80.0,0
2024-07-01T20:20:00,13.69,0.0,60.0,99.82,78.5,0
2024-07-01T20:25:00,13.62,0.0,60.0,99.82,76.9,0
2024-07-01T20:30:00,13.63,0.0,60.0,99.82,75.4,0
2024-07-01T20:35:00,13.56,0.0,60.0,99.82,73.8,0
2024-07-01T20:40:00,13.5,0.0,60.0,99.82,72.3,0
2024-07-01T20:45:00,13.39,0.0,60.0,99.81,70.7,0
2024-07-01T20:50:00,13.41,0.0,60.0,99.81,69.2,0
2024-07-01T20:55:00,13.39,0.0,60.0,99.81,67.6,0
2024-07-01T21:00:00,13.37,0.0,60.0,99.81,66.9,0
2024-07-01T21:05:00,13.25,0.0,60.0,99.81,66.2,0
2024-07-01T21:10:00,13.34,0.0,60.0,99.81,65.5,0
2024-07-01T21:15:00,13.24,0.0,60.0,99.81,64.8,0
2024-07-01T21:20:00,13.28,0.0,60.0,99.81,64.0,0
2024-07-01T21:25:00,13.23,0.0,60.0,99.81,63.3,0
2024-07-01T21:30:00,13.18,0.0,60.0,99.81,62.6,0
2024-07-01T21:35:00,13.18,0.0,60.0,99.81,61.9,0
2024-07-01T21:40:00,13.2,0.0,60.0,99.81,61.1,0
2024-07-01T21:45:00,13.15,0.0,60.0,99.81,60.4,0
2024-07-01T21:50:00,13.1,0.0,60.0,99.81,59.7,0
2024-07-01T21:55:00,13.04,0.0,60.0,99.8,59.0,0
2024-07-01T22:00:00,13.06,0.0,60.0,99.8,57.9,0
2024-07-01T22:05:00,12.98,0.0,60.0,99.8,56.9,0
2024-07-01T22:10:00,13.02,0.0,60.0,99.8,55.8,0
2024-07-01T22:15:00,12.99,0.0,60.0,99.8,54.8,0
2024-07-01T22:20:00,12.92,0.0,60.0,99.8,53.7,0
2024-07-01T22:25:00,12.86,0.0,60.0,99.8,52.7,0
2024-07-01T22:30:00,12.84,0.0,60.0,99.8,51.6,0
2024-07-01T22:35:00,12.84,0.0,60.0,99.8,50.6,0
2024-07-01T22:40:00,12.8,0.0,60.0,99.8,49.5,0
2024-07-01T22:45:00,12.75,0.0,60.0,99.8,48.5,0
2024-07-01T22:50:00,12.7,0.0,60.0,99.8,47.4,0
2024-07-01T22:55:00,12.65,0.0,60.0,99.8,46.3,0
2024-07-01T23:00:00,12.62,0.0,60.0,99.79,45.8,0
2024-07-01T23:05:00,12.62,0.0,60.0,99.79,45.2,0
2024-07-01T23:10:00,12.59,0.0,60.0,99.79,44.7,0
2024-07-01T23:15:00,12.6,0.0,60.0,99.79,44.1,0
2024-07-01T23:20:00,12.66,0.0,60.0,99.79,43.6,0
2024-07-01T23:25:00,12.51,0.0,60.0,99.79,43.0,0
2024-07-01T23:30:00,12.54,0.0,60.0,99.79,42.5,0
2024-07-01T23:35:00,12.54,0.0,60.0,99.79,41.9,0
2024-07-01T23:40:00,12.5,0.0,60.0,99.79,41.4,0
2024-07-01T23:45:00,12.52,0.0,60.0,99.79,40.8,0
2024-07-01T23:50:00,12.52,0.0,60.0,99.79,40.3,0
2024-07-01T23:55:00,12.5,0.0,60.0,99.79,39.7,0
2024-07-02T00:00:00,12.47,0.0,60.0,99.79,39.2,0
2024-07-02T00:05:00,12.46,0.0,60.0,99.78,38.6,0
2024-07-02T00:10:00,12.4,0.0,60.0,99.78,38.1,0
2024-07-02T00:15:00,12.41,0.0,60.0,99.78,37.5,0
2024-07-02T00:20:00,12.37,0.0,60.0,99.78,37.0,0
2024-07-02T00:25:00,12.35,0.0,60.0,99.78,36.4,0
2024-07-02T00:30:00,12.31,0.0,60.0,99.78,35.9,0
2024-07-02T00:35:00,12.29,0.0,60.0,99.78,35.3,0
2024-07-02T00:40:00,12.27,0.0,60.0,99.78,34.7,0
2024-07-02T00:45:00,12.32,0.0,60.0,99.78,34.2,0
2024-07-02T00:50:00,12.29,0.0,60.0,99.78,33.6,0
2024-07-02T00:55:00,12.25,0.0,60.0,99.78,33.1,0
2024-07-02T01:00:00,12.18,0.0,60.0,99.78,32.5,0
2024-07-02T01:05:00,12.22,0.0,60.0,99.78,32.0,0
2024-07-02T01:10:00,12.23,0.0,60.0,99.78,31.5,0
2024-07-02T01:15:00,12.17,0.0,60.0,99.77,30.9,0
2024-07-02T01:20:00,12.16,0.0,60.0,99.77,30.4,0
2024-07-02T01:25:00,12.1,0.0,60.0,99.77,29.8,0
2024-07-02T01:30:00,12.1,0.0,60.0,99.77,29.2,0
2024-07-02T01:35:00,12.1,0.0,60.0,99.77,28.7,0
2024-07-02T01:40:00,12.09,0.0,60.0,99.77,28.1,0
2024-07-02T01:45:00,12.04,0.0,60.0,99.77,27.6,0
2024-07-02T01:50:00,12.08,0.0,60.0,99.77,27.0,0
2024-07-02T01:55:00,12.06,0.0,60.0,99.77,26.5,0
2024-07-02T02:00:00,12.03,0.0,60.0,99.77,25.9,0
2024-07-02T02:05:00,12.01,0.0,60.0,99.77,25.4,0
2024-07-02T02:10:00,12.06,0.0,60.0,99.77,24.8,0
2024-07-02T02:15:00,12.0,0.0,60.0,99.77,24.3,0
2024-07-02T02:20:00,11.95,0.0,60.0,99.76,23.7,0
2024-07-02T02:25:00,11.9,0.0,60.0,99.76,23.2,0
2024-07-02T02:30:00,11.92,0.0,60.0,99.76,22.6,0
2024-07-02T02:35:00,11.93,0.0,60.0,99.76,22.1,0
2024-07-02T02:40:00,11.89,0.0,60.0,99.76,21.5,0
2024-07-02T02:45:00,11.88,0.0,60.0,99.76,21.0,0
2024-07-02T02:50:00,11.87,0.0,60.0,99.76,20.4,0
2024-07-02T02:55:00,11.82,0.0,60.0,99.76,19.9,0
2024-07-02T03:00:00,11.79,0.0,60.0,99.76,19.3,0
2024-07-02T03:05:00,11.79,0.0,60.0,99.76,18.8,0
2024-07-02T03:10:00,11.75,0.0,60.0,99.76,18.2,0
2024-07-02T03:15:00,11.73,0.0,60.0,99.76,17.7,0
2024-07-02T03:20:00,11.78,0.0,60.0,99.76,17.1,0
2024-07-02T03:25:00,11.71,0.0,60.0,99.76,16.6,0
2024-07-02T03:30:00,11.75,0.0,60.0,99.75,16.0,0
2024-07-02T03:35:00,11.74,0.0,60.0,99.75,15.4,0
2024-07-02T03:40:00,11.67,0.0,60.0,99.75,14.9,0
2024-07-02T03:45:00,11.63,0.0,60.0,99.75,14.3,0
2024-07-02T03:50:00,11.64,0.0,60.0,99.75,13.8,0
2024-07-02T03:55:00,11.64,0.0,60.0,99.75,13.2,0
2024-07-02T04:00:00,11.57,0.0,60.0,99.75,12.7,0
2024-07-02T04:05:00,11.6,0.0,60.0,99.75,12.1,0
2024-07-02T04:10:00,11.52,0.0,60.0,99.75,11.6,0
2024-07-02T04:15:00,11.5,0.0,60.0,99.75,11.0,0
2024-07-02T04:20:00,11.45,0.0,60.0,99.75,10.5,0
2024-07-02T04:25:00,11.49,0.0,60.0,99.75,10.0,0
2024-07-02T04:30:00,11.52,0.0,60.0,99.75,10.0,0
2024-07-02T04:35:00,11.49,0.0,60.0,99.74,10.0,0
2024-07-02T04:40:00,11.52,0.0,60.0,99.74,10.0,0
2024-07-02T04:45:00,11.49,0.0,60.0,99.74,10.0,0
2024-07-02T04:50:00,11.47,0.0,60.0,99.74,10.0,0
2024-07-02T04:55:00,11.52,0.0,60.0,99.74,10.0,0
2024-07-02T05:00:00,11.51,0.0,60.0,99.74,10.0,0
2024-07-02T05:05:00,11.51,0.0,60.0,99.74,10.0,0
2024-07-02T05:10:00,11.48,0.0,60.0,99.74,10.0,0
2024-07-02T05:15:00,11.52,0.0,60.0,99.74,10.0,0
2024-07-02T05:20:00,11.51,0.0,60.0,99.74,10.0,0
2024-07-02T05:25:00,11.52,0.0,60.0,99.74,10.0,0
2024-07-02T05:30:00,11.46,0.0,60.0,99.74,10.0,0
2024-07-02T05:35:00,11.53,0.0,60.0,99.74,10.0,0
2024-07-02T05:40:00,11.48,0.0,60.0,99.74,10.0,0
2024-07-02T05:45:00,11.5,0.0,60.0,99.73,10.0,0
2024-07-02T05:50:00,11.47,0.0,60.0,99.73,10.0,0
2024-07-02T05:55:00,11.51,0.0,60.0,99.73,10.0,0
2024-07-02T06:00:00,11.54,0.0,60.0,99.73,10.0,0
2024-07-02T06:05:00,11.51,0.0,60.0,99.73,10.0,0
2024-07-02T06:10:00,11.47,0.0,60.0,99.73,10.0,0
2024-07-02T06:15:00,11.47,0.0,60.0,99.73,10.0,0
2024-07-02T06:20:00,11.51,0.0,60.0,99.73,10.0,0
2024-07-02T06:25:00,11.49,0.0,60.0,99.73,10.0,0
2024-07-02T06:30:00,11.49,0.0,60.0,99.73,10.0,0
2024-07-02T06:35:00,11.44,0.0,60.0,99.73,10.0,0
2024-07-02T06:40:00,11.52,0.0,60.0,99.73,10.0,0
2024-07-02T06:45:00,11.5,0.0,60.0,99.73,10.0,0
2024-07-02T06:50:00,11.53,0.0,60.0,99.72,10.0,0
2024-07-02T06:55:00,11.51,0.0,60.0,99.72,10.0,0
2024-07-02T07:00:00,11.5,0.0,60.0,99.72,10.0,0
2024-07-02T07:05:00,11.56,0.0,60.0,99.72,10.0,0
2024-07-02T07:10:00,11.53,0.0,60.0,99.72,10.0,0
2024-07-02T07:15:00,11.5,0.0,60.0,99.72,10.0,0
2024-07-02T07:20:00,11.52,0.0,60.0,99.72,10.0,0
2024-07-02T07:25:00,11.46,0.0,59.86,99.72,10.0,0
2024-07-02T07:30:00,11.5,0.0,53.45,99.72,10.0,0
2024-07-02T07:35:00,11.52,0.0,47.96,99.72,10.0,0
2024-07-02T07:40:00,11.51,0.0,41.8,99.72,10.0,0
2024-07-02T07:45:00,11.52,0.0,38.34,99.72,10.0,0
2024-07-02T07:50:00,11.5,0.0,32.16,99.72,10.0,0
2024-07-02T07:55:00,11.54,0.0,23.72,99.72,10.0,0
2024-07-02T08:00:00,11.52,40.0,0.0,99.71,10.7,1
2024-07-02T08:05:00,11.56,40.0,0.0,99.71,11.5,1
2024-07-02T08:10:00,11.63,40.0,0.0,99.71,12.2,1
2024-07-02T08:15:00,11.6,40.0,0.0,99.71,13.0,1
2024-07-02T08:20:00,11.65,40.0,0.0,99.71,13.9,1
2024-07-02T08:25:00,11.68,40.0,0.0,99.71,14.7,1
2024-07-02T08:30:00,11.72,40.0,0.0,99.71,15.7,1
2024-07-02T08:35:00,11.7,40.0,0.0,99.71,16.6,1
2024-07-02T08:40:00,11.79,40.0,0.0,99.71,17.6,1
2024-07-02T08:45:00,11.82,40.0,0.0,99.71,18.6,1
2024-07-02T08:50:00,11.8,40.0,0.0,99.71,19.7,1
2024-07-02T08:55:00,11.86,40.0,0.0,99.71,20.8,1
2024-07-02T09:00:00,11.9,40.0,0.0,99.71,21.9,1
2024-07-02T09:05:00,11.94,40.0,0.0,99.7,23.1,1
2024-07-02T09:10:00,11.95,40.0,0.0,99.7,24.3,1
2024-07-02T09:15:00,11.97,40.0,0.0,99.7,25.5,1
2024-07-02T09:20:00,12.05,40.0,0.0,99.7,26.7,1
2024-07-02T09:25:00,12.03,40.0,0.0,99.7,28.0,1
2024-07-02T09:30:00,12.13,40.0,0.0,99.7,29.3,1
2024-07-02T09:35:00,12.21,40.0,0.0,99.7,30.7,1
2024-07-02T09:40:00,12.22,40.0,0.0,99.7,32.1,1
2024-07-02T09:45:00,12.28,40.0,0.0,99.7,33.5,1
2024-07-02T09:50:00,12.3,40.0,0.0,99.7,34.9,1
2024-07-02T09:55:00,12.38,40.0,0.0,99.7,36.3,1
2024-07-02T10:00:00,12.42,40.0,0.0,99.7,37.8,1
2024-07-02T10:05:00,12.48,40.0,0.0,99.7,39.3,1
2024-07-02T10:10:00,12.42,40.0,0.0,99.69,40.8,1
2024-07-02T10:15:00,12.54,40.0,0.0,99.69,42.4,1
2024-07-02T10:20:00,12.59,40.0,0.0,99.69,44.0,1
2024-07-02T10:25:00,12.69,40.0,0.0,99.69,45.6,1
2024-07-02T10:30:00,12.72,40.0,0.0,99.69,47.2,1
2024-07-02T10:35:00,12.78,40.0,0.0,99.69,48.8,1
2024-07-02T10:40:00,12.81,40.0,0.0,99.69,50.5,1
2024-07-02T10:45:00,12.84,40.0,0.0,99.69,52.2,1
2024-07-02T10:50:00,12.91,40.0,0.0,99.69,53.9,1
2024-07-02T10:55:00,12.96,40.0,0.0,99.69,55.6,1
2024-07-02T11:00:00,12.99,40.0,0.0,99.69,57.3,1
2024-07-02T11:05:00,13.1,40.0,0.0,99.69,59.1,1
2024-07-02T11:10:00,13.06,40.0,0.0,99.69,60.9,1
2024-07-02T11:15:00,13.24,40.0,0.0,99.69,62.7,1
2024-07-02T11:20:00,13.29,40.0,0.0,99.68,64.5,1
2024-07-02T11:25:00,13.35,40.0,0.0,99.68,66.3,1
2024-07-02T11:30:00,13.37,40.0,0.0,99.68,68.1,1
2024-07-02T11:35:00,13.39,40.0,0.0,99.68,69.9,1
2024-07-02T11:40:00,13.52,40.0,0.0,99.68,71.8,1
2024-07-02T11:45:00,13.57,40.0,0.0,99.68,73.6,1
2024-07-02T11:50:00,13.64,40.0,0.0,99.68,75.5,1
2024-07-02T11:55:00,13.71,40.0,0.0,99.68,77.3,1
2024-07-02T12:00:00,13.72,40.0,0.0,99.68,78.6,1
2024-07-02T12:05:00,13.76,40.0,0.0,99.68,79.9,1
2024-07-02T12:10:00,13.82,40.0,0.0,99.68,81.1,1
2024-07-02T12:15:00,13.81,40.0,0.0,99.68,82.4,1
2024-07-02T12:20:00,13.87,40.0,0.0,99.68,83.7,1
2024-07-02T12:25:00,13.88,40.0,0.0,99.67,85.0,1
2024-07-02T12:30:00,13.92,40.0,0.0,99.67,86.2,1
2024-07-02T12:35:00,13.98,40.0,0.0,99.67,87.5,1
2024-07-02T12:40:00,14.07,40.0,0.0,99.67,88.8,1
2024-07-02T12:45:00,14.07,40.0,0.0,99.67,90.1,1
2024-07-02T12:50:00,14.14,40.0,0.0,99.67,91.3,1
2024-07-02T12:55:00,14.19,40.0,0.0,99.67,93.2,1
2024-07-02T13:00:00,14.22,40.0,0.0,99.67,94.6,1
2024-07-02T13:05:00,14.32,40.0,0.0,99.67,95.9,1
2024-07-02T13:10:00,14.29,40.0,0.0,99.67,97.3,1
2024-07-02T13:15:00,14.32,40.0,0.0,99.67,98.6,1
2024-07-02T13:20:00,14.38,40.0,0.0,99.67,100.0,1
2024-07-02T13:25:00,14.4,40.0,0.0,99.67,100.0,1
2024-07-02T13:30:00,14.42,40.0,0.0,99.67,100.0,1
2024-07-02T13:35:00,14.44,40.0,0.0,99.66,100.0,1
2024-07-02T13:40:00,14.36,40.0,0.0,99.66,100.0,1
2024-07-02T13:45:00,14.4,40.0,0.0,99.66,100.0,1
2024-07-02T13:50:00,14.38,40.0,0.0,99.66,100.0,1
2024-07-02T13:55:00,14.4,40.0,0.0,99.66,100.0,1
2024-07-02T14:00:00,14.41,40.0,0.0,99.66,100.0,1
2024-07-02T14:05:00,14.39,40.0,0.0,99.66,100.0,1
2024-07-02T14:10:00,14.42,40.0,0.0,99.66,100.0,1
2024-07-02T14:15:00,14.37,40.0,0.0,99.66,100.0,1
2024-07-02T14:20:00,14.4,40.0,0.0,99.66,100.0,1
2024-07-02T14:25:00,14.38,40.0,0.0,99.66,100.0,1
2024-07-02T14:30:00,14.4,40.0,0.0,99.66,100.0,1
2024-07-02T14:35:00,14.34,40.0,0.0,99.66,100.0,1
2024-07-02T14:40:00,14.41,40.0,0.0,99.65,100.0,1
2024-07-02T14:45:00,14.4,40.0,0.0,99.65,100.0,1
2024-07-02T14:50:00,14.38,40.0,0.0,99.65,100.0,1
2024-07-02T14:55:00,14.4,40.0,0.0,99.65,100.0,1
2024-07-02T15:00:00,14.37,40.0,0.0,99.65,100.0,1
2024-07-02T15:05:00,14.37,40.0,0.0,99.65,100.0,1
2024-07-02T15:10:00,14.43,40.0,0.0,99.65,100.0,1
2024-07-02T15:15:00,14.43,40.0,0.0,99.65,100.0,1
2024-07-02T15:20:00,14.39,40.0,0.0,99.65,100.0,1
2024-07-02T15:25:00,14.35,40.0,0.0,99.65,100.0,1
2024-07-02T15:30:00,14.43,40.0,0.0,99.65,100.0,1
2024-07-02T15:35:00,14.39,40.0,0.0,99.65,100.0,1
2024-07-02T15:40:00,14.39,40.0,0.0,99.65,100.0,1
2024-07-02T15:45:00,14.38,40.0,0.0,99.65,100.0,1
2024-07-02T15:50:00,14.41,40.0,0.0,99.64,100.0,1
2024-07-02T15:55:00,14.41,40.0,0.0,99.64,100.0,1
2024-07-02T16:00:00,14.4,40.0,0.0,99.64,100.0,1
2024-07-02T16:05:00,14.38,40.0,0.0,99.64,100.0,1
2024-07-02T16:10:00,14.36,40.0,0.0,99.64,100.0,1
2024-07-02T16:15:00,14.4,40.0,0.0,99.64,100.0,1
2024-07-02T16:20:00,14.36,40.0,0.0,99.64,100.0,1
2024-07-02T16:25:00,14.42,40.0,0.0,99.64,100.0,1
2024-07-02T16:30:00,14.39,40.0,0.0,99.64,100.0,1
2024-07-02T16:35:00,14.41,40.0,0.0,99.64,100.0,1
2024-07-02T16:40:00,14.41,40.0,0.0,99.64,100.0,1
2024-07-02T16:45:00,14.34,39.37,0.0,99.64,100.0,1
2024-07-02T16:50:00,14.39,36.52,0.0,99.64,100.0,1
2024-07-02T16:55:00,14.4,31.9,0.0,99.63,100.0,1
2024-07-02T17:00:00,14.4,24.66,0.0,99.63,100.0,1
2024-07-02T17:05:00,14.41,23.3,0.0,99.63,100.0,1
2024-07-02T17:10:00,14.38,16.3,0.0,99.63,100.0,1
2024-07-02T17:15:00,14.38,13.58,0.0,99.63,100.0,1
2024-07-02T17:20:00,14.39,5.69,0.0,99.63,100.0,1
2024-07-02T17:25:00,14.38,3.43,0.0,99.63,100.0,1
2024-07-02T17:30:00,14.44,0.0,0.49,99.63,100.0,0
2024-07-02T17:35:00,14.38,0.0,5.08,99.63,100.0,0
2024-07-02T17:40:00,14.4,0.0,10.11,99.63,99.9,0
2024-07-02T17:45:00,14.39,0.0,13.62,99.63,99.8,0
2024-07-02T17:50:00,14.32,0.0,19.15,99.63,99.6,0
2024-07-02T17:55:00,14.42,0.0,23.35,99.63,99.4,0
2024-07-02T18:00:00,14.37,0.0,26.27,99.62,99.2,0
2024-07-02T18:05:00,14.35,0.0,32.18,99.62,99.0,0
2024-07-02T18:10:00,14.38,0.0,36.98,99.62,98.7,0
2024-07-02T18:15:00,14.35,0.0,40.25,99.62,98.3,0
2024-07-02T18:20:00,14.28,0.0,46.18,99.62,98.0,0
2024-07-02T18:25:00,14.31,0.0,50.65,99.62,97.6,0
2024-07-02T18:30:00,14.29,0.0,52.93,99.62,97.2,0
2024-07-02T18:35:00,14.32,0.0,57.69,99.62,96.7,0
2024-07-02T18:40:00,14.26,0.0,60.0,99.62,96.2,0
2024-07-02T18:45:00,14.29,0.0,60.0,99.62,95.7,0
2024-07-02T18:50:00,14.26,0.0,60.0,99.62,95.2,0
2024-07-02T18:55:00,14.25,0.0,60.0,99.62,94.6,0
2024-07-02T19:00:00,14.22,0.0,60.0,99.62,94.0,0
2024-07-02T19:05:00,14.19,0.0,60.0,99.62,93.3,0
2024-07-02T19:10:00,14.12,0.0,60.0,99.61,92.7,0
2024-07-02T19:15:00,14.14,0.0,60.0,99.61,92.0,0
2024-07-02T19:20:00,14.16,0.0,60.0,99.61,91.3,0
2024-07-02T19:25:00,14.11,0.0,60.0,99.61,90.6,0
2024-07-02T19:30:00,14.04,0.0,60.0,99.61,89.9,0
2024-07-02T19:35:00,14.03,0.0,60.0,99.61,89.2,0
2024-07-02T19:40:00,14.06,0.0,60.0,99.61,88.4,0
2024-07-02T19:45:00,14.01,0.0,60.0,99.61,87.7,0
2024-07-02T19:50:00,13.94,0.0,60.0,99.61,87.0,0
2024-07-02T19:55:00,13.95,0.0,60.0,99.61,86.3,0
2024-07-02T20:00:00,13.87,0.0,60.0,99.61,84.7,0
2024-07-02T20:05:00,13.86,0.0,60.0,99.61,83.2,0
2024-07-02T20:10:00,13.81,0.0,60.0,99.61,81.6,0
2024-07-02T20:15:00,13.77,0.0,60.0,99.6,80.1,0
2024-07-02T20:20:00,13.72,0.0,60.0,99.6,78.5,0
2024-07-02T20:25:00,13.64,0.0,60.0,99.6,77.0,0
2024-07-02T20:30:00,13.57,0.0,60.0,99.6,75.4,0
2024-07-02T20:35:00,13.59,0.0,60.0,99.6,73.9,0
2024-07-02T20:40:00,13.53,0.0,60.0,99.6,72.3,0
2024-07-02T20:45:00,13.5,0.0,60.0,99.6,70.8,0
2024-07-02T20:50:00,13.39,0.0,60.0,99.6,69.2,0
2024-07-02T20:55:00,13.3,0.0,60.0,99.6,67.7,0
2024-07-02T21:00:00,13.36,0.0,60.0,99.6,66.9,0
2024-07-02T21:05:00,13.28,0.0,60.0,99.6,66.2,0
2024-07-02T21:10:00,13.3,0.0,60.0,99.6,65.5,0
2024-07-02T21:15:00,13.25,0.0,60.0,99.6,64.8,0
2024-07-02T21:20:00,13.25,0.0,60.0,99.6,64.1,0
2024-07-02T21:25:00,13.17,0.0,60.0,99.59,63.3,0
2024-07-02T21:30:00,13.18,0.0,60.0,99.59,62.6,0
2024-07-02T21:35:00,13.13,0.0,60.0,99.59,61.9,0
2024-07-02T21:40:00,13.14,0.0,60.0,99.59,61.2,0
2024-07-02T21:45:00,13.1,0.0,60.0,99.59,60.5,0
2024-07-02T21:50:00,13.07,0.0,60.0,99.59,59.7,0
2024-07-02T21:55:00,13.08,0.0,60.0,99.59,59.0,0
2024-07-02T22:00:00,13.04,0.0,60.0,99.59,58.0,0
2024-07-02T22:05:00,13.01,0.0,60.0,99.59,56.9,0
2024-07-02T22:10:00,12.98,0.0,60.0,99.59,55.9,0
2024-07-02T22:15:00,12.96,0.0,60.0,99.59,54.8,0
2024-07-02T22:20:00,12.96,0.0,60.0,99.59,53.8,0
2024-07-02T22:25:00,12.85,0.0,60.0,99.59,52.7,0
2024-07-02T22:30:00,12.87,0.0,60.0,99.58,51.7,0
2024-07-02T22:35:00,12.86,0.0,60.0,99.58,50.6,0
2024-07-02T22:40:00,12.74,0.0,60.0,99.58,49.6,0
2024-07-02T22:45:00,12.72,0.0,60.0,99.58,48.5,0
2024-07-02T22:50:00,12.76,0.0,60.0,99.58,47.5,0
2024-07-02T22:55:00,12.71,0.0,60.0,99.58,46.4,0
2024-07-02T23:00:00,12.61,0.0,60.0,99.58,45.9,0
2024-07-02T23:05:00,12.61,0.0,60.0,99.58,45.3,0
2024-07-02T23:10:00,12.59,0.0,60.0,99.58,44.7,0
2024-07-02T23:15:00,12.56,0.0,60.0,99.58,44.2,0
2024-07-02T23:20:00,12.63,0.0,60.0,99.58,43.7,0
2024-07-02T23:25:00,12.53,0.0,60.0,99.58,43.1,0
2024-07-02T23:30:00,12.53,0.0,60.0,99.58,42.5,0
2024-07-02T23:35:00,12.5,0.0,60.0,99.58,42.0,0
2024-07-02T23:40:00,12.43,0.0,60.0,99.57,41.4,0
2024-07-02T23:45:00,12.52,0.0,60.0,99.57,40.9,0
2024-07-02T23:50:00,12.44,0.0,60.0,99.57,40.3,0
2024-07-02T23:55:00,12.46,0.0,60.0,99.57,39.8,0
2024-07-03T00:00:00,12.42,0.0,60.0,99.57,39.2,0
2024-07-03T00:05:00,12.47,0.0,60.0,99.57,38.7,0
2024-07-03T00:10:00,12.45,0.0,60.0,99.57,38.1,0
2024-07-03T00:15:00,12.36,0.0,60.0,99.57,37.6,0
2024-07-03T00:20:00,12.38,0.0,60.0,99.57,37.0,0
2024-07-03T00:25:00,12.38,0.0,60.0,99.57,36.4,0
2024-07-03T00:30:00,12.33,0.0,60.0,99.57,35.9,0
2024-07-03T00:35:00,12.34,0.0,60.0,99.57,35.3,0
2024-07-03T00:40:00,12.27,0.0,60.0,99.57,34.8,0
2024-07-03T00:45:00,12.31,0.0,60.0,99.56,34.2,0
2024-07-03T00:50:00,12.23,0.0,60.0,99.56,33.7,0
2024-07-03T00:55:00,12.25,0.0,60.0,99.56,33.1,0
2024-07-03T01:00:00,12.21,0.0,60.0,99.56,32.6,0
2024-07-03T01:05:00,12.16,0.0,60.0,99.56,32.0,0
2024-07-03T01:10:00,12.19,0.0,60.0,99.56,31.5,0
2024-07-03T01:15:00,12.24,0.0,60.0,99.56,30.9,0
2024-07-03T01:20:00,12.11,0.0,60.0,99.56,30.4,0
2024-07-03T01:25:00,12.08,0.0,60.0,99.56,29.8,0
2024-07-03T01:30:00,12.13,0.0,60.0,99.56,29.3,0
2024-07-03T01:35:00,12.13,0.0,60.0,99.56,28.7,0
2024-07-03T01:40:00,12.1,0.0,60.0,99.56,28.2,0
2024-07-03T01:45:00,12.09,0.0,60.0,99.56,27.6,0
2024-07-03T01:50:00,12.05,0.0,60.0,99.56,27.0,0
2024-07-03T01:55:00,12.06,0.0,60.0,99.55,26.5,0
2024-07-03T02:00:00,12.04,0.0,60.0,99.55,25.9,0
2024-07-03T02:05:00,11.97,0.0,60.0,99.55,25.4,0
2024-07-03T02:10:00,11.94,0.0,60.0,99.55,24.8,0
2024-07-03T02:15:00,11.97,0.0,60.0,99.55,24.3,0
2024-07-03T02:20:00,11.94,0.0,60.0,99.55,23.7,0
2024-07-03T02:25:00,12.0,0.0,60.0,99.55,23.2,0
2024-07-03T02:30:00,11.94,0.0,60.0,99.55,22.6,0
2024-07-03T02:35:00,11.87,0.0,60.0,99.55,22.1,0
2024-07-03T02:40:00,11.88,0.0,60.0,99.55,21.5,0
2024-07-03T02:45:00,11.86,0.0,60.0,99.55,21.0,0
2024-07-03T02:50:00,11.84,0.0,60.0,99.55,20.4,0
2024-07-03T02:55:00,11.79,0.0,60.0,99.55,19.9,0
2024-07-03T03:00:00,11.79,0.0,60.0,99.54,19.3,0
2024-07-03T03:05:00,11.74,0.0,60.0,99.54,18.8,0
2024-07-03T03:10:00,11.75,0.0,60.0,99.54,18.2,0
2024-07-03T03:15:00,11.7,0.0,60.0,99.54,17.7,0
2024-07-03T03:20:00,11.71,0.0,60.0,99.54,17.1,0
2024-07-03T03:25:00,11.69,0.0,60.0,99.54,16.6,0
2024-07-03T03:30:00,11.71,0.0,60.0,99.54,16.1,0
2024-07-03T03:35:00,11.69,0.0,60.0,99.54,15.5,0
2024-07-03T03:40:00,11.64,0.0,60.0,99.54,14.9,0
2024-07-03T03:45:00,11.64,0.0,60.0,99.54,14.4,0
2024-07-03T03:50:00,11.6,0.0,60.0,99.54,13.8,0
2024-07-03T03:55:00,11.57,0.0,60.0,99.54,13.3,0
2024-07-03T04:00:00,11.62,0.0,60.0,99.54,12.7,0
2024-07-03T04:05:00,11.59,0.0,60.0,99.53,12.2,0
2024-07-03T04:10:00,11.54,0.0,60.0,99.53,11.6,0
2024-07-03T04:15:00,11.54,0.0,60.0,99.53,11.1,0
2024-07-03T04:20:00,11.55,0.0,60.0,99.53,10.5,0
2024-07-03T04:25:00,11.5,0.0,60.0,99.53,10.0,0
2024-07-03T04:30:00,11.55,0.0,60.0,99.53,10.0,0
2024-07-03T04:35:00,11.57,0.0,60.0,99.53,10.0,0
2024-07-03T04:40:00,11.5,0.0,60.0,99.53,10.0,0
2024-07-03T04:45:00,11.47,0.0,60.0,99.53,10.0,0
2024-07-03T04:50:00,11.52,0.0,60.0,99.53,10.0,0
2024-07-03T04:55:00,11.49,0.0,60.0,99.53,10.0,0
2024-07-03T05:00:00,11.43,0.0,60.0,99.53,10.0,0
2024-07-03T05:05:00,11.49,0.0,60.0,99.53,10.0,0
2024-07-03T05:10:00,11.54,0.0,60.0,99.53,10.0,0
2024-07-03T05:15:00,11.49,0.0,60.0,99.52,10.0,0
2024-07-03T05:20:00,11.48,0.0,60.0,99.52,10.0,0
2024-07-03T05:25:00,11.5,0.0,60.0,99.52,10.0,0
2024-07-03T05:30:00,11.48,0.0,60.0,99.52,10.0,0
2024-07-03T05:35:00,11.46,0.0,60.0,99.52,10.0,0
2024-07-03T05:40:00,11.49,0.0,60.0,99.52,10.0,0
2024-07-03T05:45:00,11.49,0.0,60.0,99.52,10.0,0
2024-07-03T05:50:00,11.5,0.0,60.0,99.52,10.0,0
2024-07-03T05:55:00,11.47,0.0,60.0,99.52,10.0,0
2024-07-03T06:00:00,11.46,0.0,60.0,99.52,10.0,0
2024-07-03T06:05:00,11.46,0.0,60.0,99.52,10.0,0
2024-07-03T06:10:00,11.53,0.0,60.0,99.52,10.0,0
2024-07-03T06:15:00,11.5,0.0,60.0,99.52,10.0,0
2024-07-03T06:20:00,11.51,0.0,60.0,99.51,10.0,0
2024-07-03T06:25:00,11.5,0.0,60.0,99.51,10.0,0
2024-07-03T06:30:00,11.49,0.0,60.0,99.51,10.0,0
2024-07-03T06:35:00,11.51,0.0,60.0,99.51,10.0,0
2024-07-03T06:40:00,11.49,0.0,60.0,99.51,10.0,0
2024-07-03T06:45:00,11.48,0.0,60.0,99.51,10.0,0
2024-07-03T06:50:00,11.47,0.0,60.0,99.51,10.0,0
2024-07-03T06:55:00,11.53,0.0,60.0,99.51,10.0,0
2024-07-03T07:00:00,11.53,0.0,60.0,99.51,10.0,0
2024-07-03T07:05:00,11.52,0.0,60.0,99.51,10.0,0
2024-07-03T07:10:00,11.55,0.0,60.0,99.51,10.0,0
2024-07-03T07:15:00,11.46,0.0,60.0,99.51,10.0,0
2024-07-03T07:20:00,11.47,0.0,60.0,99.51,10.0,0
2024-07-03T07:25:00,11.48,0.0,58.7,99.51,10.0,0
2024-07-03T07:30:00,11.54,0.0,53.17,99.5,10.0,0
2024-07-03T07:35:00,11.48,0.0,48.15,99.5,10.0,0
2024-07-03T07:40:00,11.5,0.0,42.8,99.5,10.0,0
2024-07-03T07:45:00,11.51,0.0,37.87,99.5,10.0,0
2024-07-03T07:50:00,11.49,0.0,30.52,99.5,10.0,0
2024-07-03T07:55:00,11.5,0.0,23.68,99.5,10.0,0
2024-07-03T08:00:00,11.49,40.0,0.0,99.5,10.7,1
2024-07-03T08:05:00,11.55,40.0,0.0,99.5,11.5,1
2024-07-03T08:10:00,11.57,40.0,0.0,99.5,12.2,1
2024-07-03T08:15:00,11.58,40.0,0.0,99.5,13.1,1
2024-07-03T08:20:00,11.64,40.0,0.0,99.5,13.9,1
2024-07-03T08:25:00,11.68,40.0,0.0,99.5,14.8,1
2024-07-03T08:30:00,11.71,40.0,0.0,99.5,15.7,1
2024-07-03T08:35:00,11.7,40.0,0.0,99.49,16.7,1
2024-07-03T08:40:00,11.74,40.0,0.0,99.49,17.6,1
2024-07-03T08:45:00,11.79,40.0,0.0,99.49,18.7,1
2024-07-03T08:50:00,11.8,40.0,0.0,99.49,19.7,1
2024-07-03T08:55:00,11.85,40.0,0.0,99.49,20.8,1
2024-07-03T09:00:00,11.95,40.0,0.0,99.49,22.0,1
2024-07-03T09:05:00,11.89,40.0,0.0,99.49,23.1,1
2024-07-03T09:10:00,11.94,40.0,0.0,99.49,24.3,1
2024-07-03T09:15:00,11.98,40.0,0.0,99.49,25.5,1
2024-07-03T09:20:00,12.08,40.0,0.0,99.49,26.8,1
2024-07-03T09:25:00,12.07,40.0,0.0,99.49,28.0,1
2024-07-03T09:30:00,12.18,40.0,0.0,99.49,29.3,1
2024-07-03T09:35:00,12.18,40.0,0.0,99.49,30.7,1
2024-07-03T09:40:00,12.2,40.0,0.0,99.49,32.1,1
2024-07-03T09:45:00,12.29,40.0,0.0,99.48,33.5,1
2024-07-03T09:50:00,12.34,40.0,0.0,99.48,34.9,1
2024-07-03T09:55:00,12.33,40.0,0.0,99.48,36.3,1
2024-07-03T10:00:00,12.4,40.0,0.0,99.48,37.8,1
2024-07-03T10:05:00,12.41,40.0,0.0,99.48,39.3,1
2024-07-03T10:10:00,12.5,40.0,0.0,99.48,40.9,1
2024-07-03T10:15:00,12.59,40.0,0.0,99.48,42.4,1
2024-07-03T10:20:00,12.62,40.0,0.0,99.48,44.0,1
2024-07-03T10:25:00,12.62,40.0,0.0,99.48,45.6,1
2024-07-03T10:30:00,12.65,40.0,0.0,99.48,47.3,1
2024-07-03T10:35:00,12.78,40.0,0.0,99.48,48.9,1
2024-07-03T10:40:00,12.82,40.0,0.0,99.48,50.6,1
2024-07-03T10:45:00,12.83,40.0,0.0,99.48,52.2,1
2024-07-03T10:50:00,12.95,40.0,0.0,99.47,53.9,1
2024-07-03T10:55:00,12.94,40.0,0.0,99.47,55.6,1
2024-07-03T11:00:00,13.06,40.0,0.0,99.47,57.4,1
2024-07-03T11:05:00,13.14,40.0,0.0,99.47,59.1,1
2024-07-03T11:10:00,13.11,40.0,0.0,99.47,60.9,1
2024-07-03T11:15:00,13.19,40.0,0.0,99.47,62.7,1
2024-07-03T11:20:00,13.25,40.0,0.0,99.47,64.5,1
2024-07-03T11:25:00,13.34,40.0,0.0,99.47,66.3,1
2024-07-03T11:30:00,13.33,40.0,0.0,99.47,68.1,1
2024-07-03T11:35:00,13.42,40.0,0.0,99.47,70.0,1
2024-07-03T11:40:00,13.47,40.0,0.0,99.47,71.8,1
2024-07-03T11:45:00,13.57,40.0,0.0,99.47,73.7,1
2024-07-03T11:50:00,13.57,40.0,0.0,99.47,75.5,1
2024-07-03T11:55:00,13.7,40.0,0.0,99.47,77.4,1
2024-07-03T12:00:00,13.73,40.0,0.0,99.46,77.8,1
2024-07-03T12:05:00,13.72,40.0,0.0,99.46,78.2,1
2024-07-03T12:10:00,13.77,40.0,0.0,99.46,78.6,1
2024-07-03T12:15:00,13.73,40.0,0.0,99.46,79.1,1
2024-07-03T12:20:00,13.77,40.0,0.0,99.46,79.5,1
2024-07-03T12:25:00,13.77,40.0,0.0,99.46,79.9,1
2024-07-03T12:30:00,13.81,40.0,0.0,99.46,80.3,1
2024-07-03T12:35:00,13.78,40.0,0.0,99.46,80.8,1
2024-07-03T12:40:00,13.73,40.0,0.0,99.46,81.2,1
2024-07-03T12:45:00,13.83,40.0,0.0,99.46,81.6,1
2024-07-03T12:50:00,13.78,40.0,0.0,99.46,82.0,1
2024-07-03T12:55:00,13.88,40.0,0.0,99.46,83.9,1
2024-07-03T13:00:00,13.88,40.0,0.0,99.46,85.3,1
2024-07-03T13:05:00,14.0,40.0,0.0,99.45,86.6,1
2024-07-03T13:10:00,13.98,40.0,0.0,99.45,88.0,1
2024-07-03T13:15:00,14.08,40.0,0.0,99.45,89.3,1
2024-07-03T13:20:00,14.12,40.0,0.0,99.45,90.7,1
2024-07-03T13:25:00,14.18,40.0,0.0,99.45,92.0,1
2024-07-03T13:30:00,14.17,40.0,0.0,99.45,93.3,1
2024-07-03T13:35:00,14.22,40.0,0.0,99.45,94.6,1
2024-07-03T13:40:00,14.32,40.0,0.0,99.45,95.9,1
2024-07-03T13:45:00,14.24,40.0,0.0,99.45,97.2,1
2024-07-03T13:50:00,14.34,40.0,0.0,99.45,98.5,1
2024-07-03T13:55:00,14.4,40.0,0.0,99.45,99.7,1
2024-07-03T14:00:00,14.45,40.0,0.0,99.45,100.0,1
2024-07-03T14:05:00,14.41,40.0,0.0,99.45,100.0,1
2024-07-03T14:10:00,14.41,40.0,0.0,99.44,100.0,1
2024-07-03T14:15:00,14.37,40.0,0.0,99.44,100.0,1
2024-07-03T14:20:00,14.39,40.0,0.0,99.44,100.0,1
2024-07-03T14:25:00,14.43,40.0,0.0,99.44,100.0,1
2024-07-03T14:30:00,14.41,40.0,0.0,99.44,100.0,1
2024-07-03T14:35:00,14.38,40.0,0.0,99.44,100.0,1
2024-07-03T14:40:00,14.37,40.0,0.0,99.44,100.0,1
2024-07-03T14:45:00,14.42,40.0,0.0,99.44,100.0,1
2024-07-03T14:50:00,14.38,40.0,0.0,99.44,100.0,1
2024-07-03T14:55:00,14.43,40.0,0.0,99.44,100.0,1
2024-07-03T15:00:00,14.41,40.0,0.0,99.44,100.0,1
2024-07-03T15:05:00,14.35,40.0,0.0,99.44,100.0,1
2024-07-03T15:10:00,14.42,40.0,0.0,99.44,100.0,1
2024-07-03T15:15:00,14.4,40.0,0.0,99.44,100.0,1
2024-07-03T15:20:00,14.44,40.0,0.0,99.43,100.0,1
2024-07-03T15:25:00,14.41,40.0,0.0,99.43,100.0,1
2024-07-03T15:30:00,14.42,40.0,0.0,99.43,100.0,1
2024-07-03T15:35:00,14.39,40.0,0.0,99.43,100.0,1
2024-07-03T15:40:00,14.43,40.0,0.0,99.43,100.0,1
2024-07-03T15:45:00,14.42,40.0,0.0,99.43,100.0,1
2024-07-03T15:50:00,14.41,40.0,0.0,99.43,100.0,1
2024-07-03T15:55:00,14.39,40.0,0.0,99.43,100.0,1
2024-07-03T16:00:00,14.47,40.0,0.0,99.43,100.0,1
2024-07-03T16:05:00,14.4,40.0,0.0,99.43,100.0,1
2024-07-03T16:10:00,14.39,40.0,0.0,99.43,100.0,1
2024-07-03T16:15:00,14.43,40.0,0.0,99.43,100.0,1
2024-07-03T16:20:00,14.41,40.0,0.0,99.43,100.0,1
2024-07-03T16:25:00,14.35,40.0,0.0,99.42,100.0,1
2024-07-03T16:30:00,14.37,40.0,0.0,99.42,100.0,1
2024-07-03T16:35:00,14.44,40.0,0.0,99.42,100.0,1
2024-07-03T16:40:00,14.45,40.0,0.0,99.42,100.0,1
2024-07-03T16:45:00,14.36,38.56,0.0,99.42,100.0,1
2024-07-03T16:50:00,14.4,34.93,0.0,99.42,100.0,1
2024-07-03T16:55:00,14.43,30.1,0.0,99.42,100.0,1
2024-07-03T17:00:00,14.45,25.54,0.0,99.42,100.0,1
2024-07-03T17:05:00,14.37,21.39,0.0,99.42,100.0,1
2024-07-03T17:10:00,14.33,17.52,0.0,99.42,100.0,1
2024-07-03T17:15:00,14.37,13.45,0.0,99.42,100.0,1
2024-07-03T17:20:00,14.37,7.2,0.0,99.42,100.0,1
2024-07-03T17:25:00,14.37,2.27,0.0,99.42,100.0,1
2024-07-03T17:30:00,14.43,0.0,0.06,99.42,100.0,0
2024-07-03T17:35:00,14.41,0.0,5.42,99.41,100.0,0
2024-07-03T17:40:00,14.37,0.0,9.47,99.41,99.9,0
2024-07-03T17:45:00,14.4,0.0,14.07,99.41,99.8,0
2024-07-03T17:50:00,14.36,0.0,17.94,99.41,99.6,0
2024-07-03T17:55:00,14.39,0.0,23.37,99.41,99.4,0
2024-07-03T18:00:00,14.4,0.0,27.11,99.41,99.2,0
2024-07-03T18:05:00,14.38,0.0,30.89,99.41,99.0,0
2024-07-03T18:10:00,14.37,0.0,36.74,99.41,98.7,0
2024-07-03T18:15:00,14.34,0.0,40.99,99.41,98.4,0
2024-07-03T18:20:00,14.37,0.0,45.74,99.41,98.0,0
2024-07-03T18:25:00,14.32,0.0,48.27,99.41,97.6,0
2024-07-03T18:30:00,14.27,0.0,52.41,99.41,97.2,0
2024-07-03T18:35:00,14.33,0.0,57.83,99.41,96.7,0
2024-07-03T18:40:00,14.29,0.0,60.0,99.4,96.2,0
2024-07-03T18:45:00,14.29,0.0,60.0,99.4,95.7,0
2024-07-03T18:50:00,14.27,0.0,60.0,99.4,95.2,0
2024-07-03T18:55:00,14.26,0.0,60.0,99.4,94.6,0
2024-07-03T19:00:00,14.18,0.0,60.0,99.4,94.0,0
2024-07-03T19:05:00,14.19,0.0,60.0,99.4,93.4,0
2024-07-03T19:10:00,14.17,0.0,60.0,99.4,92.7,0
2024-07-03T19:15:00,14.17,0.0,60.0,99.4,92.1,0
2024-07-03T19:20:00,14.13,0.0,60.0,99.4,91.4,0
2024-07-03T19:25:00,14.07,0.0,60.0,99.4,90.6,0
2024-07-03T19:30:00,14.07,0.0,60.0,99.4,89.9,0
2024-07-03T19:35:00,14.06,0.0,60.0,99.4,89.2,0
2024-07-03T19:40:00,14.06,0.0,60.0,99.4,88.5,0
2024-07-03T19:45:00,13.98,0.0,60.0,99.4,87.8,0
2024-07-03T19:50:00,13.99,0.0,60.0,99.39,87.0,0
2024-07-03T19:55:00,13.98,0.0,60.0,99.39,86.3,0
2024-07-03T20:00:00,13.93,0.0,60.0,99.39,84.8,0
2024-07-03T20:05:00,13.86,0.0,60.0,99.39,83.2,0
2024-07-03T20:10:00,13.82,0.0,60.0,99.39,81.7,0
2024-07-03T20:15:00,13.72,0.0,60.0,99.39,80.1,0
2024-07-03T20:20:00,13.69,0.0,60.0,99.39,78.6,0
2024-07-03T20:25:00,13.71,0.0,60.0,99.39,77.0,0
2024-07-03T20:30:00,13.63,0.0,60.0,99.39,75.5,0
2024-07-03T20:35:00,13.62,0.0,60.0,99.39,73.9,0
2024-07-03T20:40:00,13.49,0.0,60.0,99.39,72.4,0
2024-07-03T20:45:00,13.41,0.0,60.0,99.39,70.8,0
2024-07-03T20:50:00,13.38,0.0,60.0,99.39,69.3,0
2024-07-03T20:55:00,13.36,0.0,60.0,99.38,67.7,0
2024-07-03T21:00:00,13.34,0.0,60.0,99.38,67.0,0
2024-07-03T21:05:00,13.28,0.0,60.0,99.38,66.3,0
2024-07-03T21:10:00,13.33,0.0,60.0,99.38,65.6,0
2024-07-03T21:15:00,13.29,0.0,60.0,99.38,64.8,0
2024-07-03T21:20:00,13.22,0.0,60.0,99.38,64.1,0
2024-07-03T21:25:00,13.25,0.0,60.0,99.38,63.4,0
2024-07-03T21:30:00,13.21,0.0,60.0,99.38,62.7,0
2024-07-03T21:35:00,13.18,0.0,60.0,99.38,62.0,0
2024-07-03T21:40:00,13.14,0.0,60.0,99.38,61.3,0
2024-07-03T21:45:00,13.14,0.0,60.0,99.38,60.5,0
2024-07-03T21:50:00,13.12,0.0,60.0,99.38,59.8,0
2024-07-03T21:55:00,13.04,0.0,60.0,99.38,59.1,0
2024-07-03T22:00:00,13.05,0.0,60.0,99.38,58.1,0
2024-07-03T22:05:00,13.05,0.0,60.0,99.37,57.0,0
2024-07-03T22:10:00,12.95,0.0,60.0,99.37,55.9,0
2024-07-03T22:15:00,12.95,0.0,60.0,99.37,54.9,0
2024-07-03T22:20:00,12.93,0.0,60.0,99.37,53.8,0
2024-07-03T22:25:00,12.92,0.0,60.0,99.37,52.8,0
2024-07-03T22:30:00,12.88,0.0,60.0,99.37,51.7,0
2024-07-03T22:35:00,12.79,0.0,60.0,99.37,50.7,0
2024-07-03T22:40:00,12.77,0.0,60.0,99.37,49.6,0
2024-07-03T22:45:00,12.78,0.0,60.0,99.37,48.6,0
2024-07-03T22:50:00,12.73,0.0,60.0,99.37,47.5,0
2024-07-03T22:55:00,12.68,0.0,60.0,99.37,46.5,0
2024-07-03T23:00:00,12.61,0.0,60.0,99.37,45.9,0
2024-07-03T23:05:00,12.67,0.0,60.0,99.37,45.4,0
2024-07-03T23:10:00,12.66,0.0,60.0,99.36,44.8,0
2024-07-03T23:15:00,12.61,0.0,60.0,99.36,44.3,0
2024-07-03T23:20:00,12.59,0.0,60.0,99.36,43.7,0
2024-07-03T23:25:00,12.57,0.0,60.0,99.36,43.1,0
2024-07-03T23:30:00,12.56,0.0,60.0,99.36,42.6,0
2024-07-03T23:35:00,12.6,0.0,60.0,99.36,42.0,0
2024-07-03T23:40:00,12.51,0.0,60.0,99.36,41.5,0
2024-07-03T23:45:00,12.49,0.0,60.0,99.36,40.9,0
2024-07-03T23:50:00,12.43,0.0,60.0,99.36,40.4,0
2024-07-03T23:55:00,12.41,0.0,60.0,99.36,39.8,0
2024-07-04T00:00:00,12.48,0.0,60.0,99.36,39.3,0
2024-07-04T00:05:00,12.43,0.0,60.0,99.36,38.7,0
2024-07-04T00:10:00,12.43,0.0,60.0,99.36,38.2,0
2024-07-04T00:15:00,12.37,0.0,60.0,99.35,37.6,0
2024-07-04T00:20:00,12.35,0.0,60.0,99.35,37.0,0
2024-07-04T00:25:00,12.37,0.0,60.0,99.35,36.5,0
2024-07-04T00:30:00,12.31,0.0,60.0,99.35,35.9,0
2024-07-04T00:35:00,12.31,0.0,60.0,99.35,35.4,0
2024-07-04T00:40:00,12.29,0.0,60.0,99.35,34.8,0
2024-07-04T00:45:00,12.29,0.0,60.0,99.35,34.3,0
2024-07-04T00:50:00,12.24,0.0,60.0,99.35,33.7,0
2024-07-04T00:55:00,12.22,0.0,60.0,99.35,33.2,0
2024-07-04T01:00:00,12.23,0.0,60.0,99.35,32.6,0
2024-07-04T01:05:00,12.23,0.0,60.0,99.35,32.1,0
2024-07-04T01:10:00,12.2,0.0,60.0,99.35,31.5,0
2024-07-04T01:15:00,12.18,0.0,60.0,99.35,30.9,0
2024-07-04T01:20:00,12.2,0.0,60.0,99.35,30.4,0
2024-07-04T01:25:00,12.12,0.0,60.0,99.34,29.8,0
2024-07-04T01:30:00,12.07,0.0,60.0,99.34,29.3,0
2024-07-04T01:35:00,12.1,0.0,60.0,99.34,28.7,0
2024-07-04T01:40:00,12.05,0.0,60.0,99.34,28.2,0
2024-07-04T01:45:00,12.02,0.0,60.0,99.34,27.6,0
2024-07-04T01:50:00,12.0,0.0,60.0,99.34,27.1,0
2024-07-04T01:55:00,12.02,0.0,60.0,99.34,26.5,0
2024-07-04T02:00:00,12.03,0.0,60.0,99.34,26.0,0
2024-07-04T02:05:00,12.02,0.0,60.0,99.34,25.4,0
2024-07-04T02:10:00,11.97,0.0,60.0,99.34,24.9,0
2024-07-04T02:15:00,11.96,0.0,60.0,99.34,24.3,0
2024-07-04T02:20:00,11.95,0.0,60.0,99.34,23.8,0
2024-07-04T02:25:00,11.93,0.0,60.0,99.34,23.2,0
2024-07-04T02:30:00,11.94,0.0,60.0,99.33,22.6,0
2024-07-04T02:35:00,11.89,0.0,60.0,99.33,22.1,0
2024-07-04T02:40:00,11.88,0.0,60.0,99.33,21.6,0
2024-07-04T02:45:00,11.85,0.0,60.0,99.33,21.0,0
2024-07-04T02:50:00,11.84,0.0,60.0,99.33,20.4,0
2024-07-04T02:55:00,11.84,0.0,60.0,99.33,19.9,0
2024-07-04T03:00:00,11.77,0.0,60.0,99.33,19.3,0
2024-07-04T03:05:00,11.8,0.0,60.0,99.33,18.8,0
2024-07-04T03:10:00,11.76,0.0,60.0,99.33,18.2,0
2024-07-04T03:15:00,11.71,0.0,60.0,99.33,17.7,0
2024-07-04T03:20:00,11.71,0.0,60.0,99.33,17.1,0
2024-07-04T03:25:00,11.68,0.0,60.0,99.33,16.6,0
2024-07-04T03:30:00,11.73,0.0,60.0,99.33,16.0,0
2024-07-04T03:35:00,11.71,0.0,60.0,99.33,15.5,0
2024-07-04T03:40:00,11.67,0.0,60.0,99.32,14.9,0
2024-07-04T03:45:00,11.68,0.0,60.0,99.32,14.4,0
2024-07-04T03:50:00,11.61,0.0,60.0,99.32,13.8,0
2024-07-04T03:55:00,11.62,0.0,60.0,99.32,13.3,0
2024-07-04T04:00:00,11.61,0.0,60.0,99.32,12.7,0
2024-07-04T04:05:00,11.54,0.0,60.0,99.32,12.2,0
2024-07-04T04:10:00,11.54,0.0,60.0,99.32,11.6,0
2024-07-04T04:15:00,11.51,0.0,60.0,99.32,11.1,0
2024-07-04T04:20:00,11.53,0.0,60.0,99.32,10.5,0
2024-07-04T04:25:00,11.47,0.0,60.0,99.32,10.0,0
2024-07-04T04:30:00,11.52,0.0,60.0,99.32,10.0,0
2024-07-04T04:35:00,11.46,0.0,60.0,99.32,10.0,0
2024-07-04T04:40:00,11.53,0.0,60.0,99.32,10.0,0
2024-07-04T04:45:00,11.48,0.0,60.0,99.31,10.0,0
2024-07-04T04:50:00,11.54,0.0,60.0,99.31,10.0,0
2024-07-04T04:55:00,11.6,0.0,60.0,99.31,10.0,0
2024-07-04T05:00:00,11.48,0.0,60.0,99.31,10.0,0
2024-07-04T05:05:00,11.44,0.0,60.0,99.31,10.0,0
2024-07-04T05:10:00,11.47,0.0,60.0,99.31,10.0,0
2024-07-04T05:15:00,11.46,0.0,60.0,99.31,10.0,0
2024-07-04T05:20:00,11.47,0.0,60.0,99.31,10.0,0
2024-07-04T05:25:00,11.51,0.0,60.0,99.31,10.0,0
2024-07-04T05:30:00,11.48,0.0,60.0,99.31,10.0,0
2024-07-04T05:35:00,11.51,0.0,60.0,99.31,10.0,0
2024-07-04T05:40:00,11.53,0.0,60.0,99.31,10.0,0
2024-07-04T05:45:00,11.52,0.0,60.0,99.31,10.0,0
2024-07-04T05:50:00,11.54,0.0,60.0,99.31,10.0,0
2024-07-04T05:55:00,11.47,0.0,60.0,99.3,10.0,0
2024-07-04T06:00:00,11.55,0.0,60.0,99.3,10.0,0
2024-07-04T06:05:00,11.52,0.0,60.0,99.3,10.0,0
2024-07-04T06:10:00,11.46,0.0,60.0,99.3,10.0,0
2024-07-04T06:15:00,11.47,0.0,60.0,99.3,10.0,0
2024-07-04T06:20:00,11.44,0.0,60.0,99.3,10.0,0
2024-07-04T06:25:00,11.5,0.0,60.0,99.3,10.0,0
2024-07-04T06:30:00,11.51,0.0,60.0,99.3,10.0,0
2024-07-04T06:35:00,11.53,0.0,60.0,99.3,10.0,0
2024-07-04T06:40:00,11.45,0.0,60.0,99.3,10.0,0
2024-07-04T06:45:00,11.48,0.0,60.0,99.3,10.0,0
2024-07-04T06:50:00,11.49,0.0,60.0,99.3,10.0,0
2024-07-04T06:55:00,11.51,0.0,60.0,99.3,10.0,0
2024-07-04T07:00:00,11.52,0.0,60.0,99.29,10.0,0
2024-07-04T07:05:00,11.47,0.0,60.0,99.29,10.0,0
2024-07-04T07:10:00,11.5,0.0,60.0,99.29,10.0,0
2024-07-04T07:15:00,11.43,0.0,60.0,99.29,10.0,0
2024-07-04T07:20:00,11.44,0.0,60.0,99.29,10.0,0
2024-07-04T07:25:00,11.43,0.0,58.39,99.29,10.0,0
2024-07-04T07:30:00,11.51,0.0,55.22,99.29,10.0,0
2024-07-04T07:35:00,11.47,0.0,44.87,99.29,10.0,0
2024-07-04T07:40:00,11.53,0.0,43.03,99.29,10.0,0
2024-07-04T07:45:00,11.49,0.0,35.81,99.29,10.0,0
2024-07-04T07:50:00,11.53,0.0,29.81,99.29,10.0,0
2024-07-04T07:55:00,11.53,0.0,26.86,99.29,10.0,0
2024-07-04T08:00:00,11.49,40.0,0.0,99.29,10.7,1
2024-07-04T08:05:00,11.53,40.0,0.0,99.28,11.4,1
2024-07-04T08:10:00,11.59,40.0,0.0,99.28,12.2,1
2024-07-04T08:15:00,11.64,40.0,0.0,99.28,13.0,1
2024-07-04T08:20:00,11.65,40.0,0.0,99.28,13.9,1
2024-07-04T08:25:00,11.63,40.0,0.0,99.28,14.8,1
2024-07-04T08:30:00,11.7,40.0,0.0,99.28,15.7,1
2024-07-04T08:35:00,11.73,40.0,0.0,99.28,16.6,1
2024-07-04T08:40:00,11.72,40.0,0.0,99.28,17.6,1
2024-07-04T08:45:00,11.77,40.0,0.0,99.28,18.7,1
2024-07-04T08:50:00,11.79,40.0,0.0,99.28,19.7,1
2024-07-04T08:55:00,11.85,40.0,0.0,99.28,20.8,1
2024-07-04T09:00:00,11.83,40.0,0.0,99.28,21.7,1
2024-07-04T09:05:00,11.9,40.0,0.0,99.28,22.6,1
2024-07-04T09:10:00,11.89,40.0,0.0,99.28,23.5,1
2024-07-04T09:15:00,11.98,40.0,0.0,99.27,24.4,1
2024-07-04T09:20:00,12.01,40.0,0.0,99.27,25.4,1
2024-07-04T09:25:00,12.06,40.0,0.0,99.27,26.4,1
2024-07-04T09:30:00,12.08,40.0,0.0,99.27,27.4,1
2024-07-04T09:35:00,12.12,40.0,0.0,99.27,28.5,1
2024-07-04T09:40:00,12.17,40.0,0.0,99.27,29.6,1
2024-07-04T09:45:00,12.15,40.0,0.0,99.27,30.7,1
2024-07-04T09:50:00,12.21,40.0,0.0,99.27,31.9,1
2024-07-04T09:55:00,12.21,40.0,0.0,99.27,33.0,1
2024-07-04T10:00:00,12.28,40.0,0.0,99.27,34.2,1
2024-07-04T10:05:00,12.36,40.0,0.0,99.27,35.5,1
2024-07-04T10:10:00,12.32,40.0,0.0,99.27,36.7,1
2024-07-04T10:15:00,12.4,40.0,0.0,99.27,38.0,1
2024-07-04T10:20:00,12.47,40.0,0.0,99.26,39.3,1
2024-07-04T10:25:00,12.49,40.0,0.0,99.26,40.6,1
2024-07-04T10:30:00,12.53,40.0,0.0,99.26,42.0,1
2024-07-04T10:35:00,12.57,40.0,0.0,99.26,43.3,1
2024-07-04T10:40:00,12.61,40.0,0.0,99.26,44.7,1
2024-07-04T10:45:00,12.62,40.0,0.0,99.26,46.1,1
2024-07-04T10:50:00,12.71,40.0,0.0,99.26,47.6,1
2024-07-04T10:55:00,12.74,40.0,0.0,99.26,49.0,1
2024-07-04T11:00:00,12.84,40.0,0.0,99.26,50.7,1
2024-07-04T11:05:00,12.83,40.0,0.0,99.26,52.5,1
2024-07-04T11:10:00,12.87,40.0,0.0,99.26,54.3,1
2024-07-04T11:15:00,12.99,40.0,0.0,99.26,56.1,1
2024-07-04T11:20:00,13.07,40.0,0.0,99.26,57.8,1
2024-07-04T11:25:00,13.09,40.0,0.0,99.26,59.7,1
2024-07-04T11:30:00,13.15,40.0,0.0,99.25,61.5,1
2024-07-04T11:35:00,13.23,40.0,0.0,99.25,63.3,1
2024-07-04T11:40:00,13.24,40.0,0.0,99.25,65.1,1
2024-07-04T11:45:00,13.26,40.0,0.0,99.25,67.0,1
2024-07-04T11:50:00,13.42,40.0,0.0,99.25,68.8,1
2024-07-04T11:55:00,13.48,40.0,0.0,99.25,70.7,1
2024-07-04T12:00:00,13.46,40.0,0.0,99.25,72.2,1
2024-07-04T12:05:00,13.56,40.0,0.0,99.25,73.7,1
2024-07-04T12:10:00,13.6,40.0,0.0,99.25,75.2,1
2024-07-04T12:15:00,13.64,40.0,0.0,99.25,76.7,1
2024-07-04T12:20:00,13.68,40.0,0.0,99.25,78.2,1
2024-07-04T12:25:00,13.77,40.0,0.0,99.25,79.7,1
2024-07-04T12:30:00,13.83,40.0,0.0,99.25,81.2,1
2024-07-04T12:35:00,13.86,40.0,0.0,99.24,82.7,1
2024-07-04T12:40:00,13.92,40.0,0.0,99.24,84.6,1
2024-07-04T12:45:00,14.0,40.0,0.0,99.24,86.5,1
2024-07-04T12:50:00,14.0,40.0,0.0,99.24,88.4,1
2024-07-04T12:55:00,14.09,40.0,0.0,99.24,90.3,1
2024-07-04T13:00:00,14.16,40.0,0.0,99.24,91.6,1
2024-07-04T13:05:00,14.15,40.0,0.0,99.24,93.0,1
2024-07-04T13:10:00,14.25,40.0,0.0,99.24,94.4,1
2024-07-04T13:15:00,14.22,40.0,0.0,99.24,95.7,1
2024-07-04T13:20:00,14.31,40.0,0.0,99.24,97.1,1
2024-07-04T13:25:00,14.38,40.0,0.0,99.24,98.4,1
2024-07-04T13:30:00,14.4,40.0,0.0,99.24,99.7,1
2024-07-04T13:35:00,14.39,40.0,0.0,99.24,100.0,1
2024-07-04T13:40:00,14.44,40.0,0.0,99.24,100.0,1
2024-07-04T13:45:00,14.39,40.0,0.0,99.23,100.0,1
2024-07-04T13:50:00,14.41,40.0,0.0,99.23,100.0,1
2024-07-04T13:55:00,14.4,40.0,0.0,99.23,100.0,1
2024-07-04T14:00:00,14.39,40.0,0.0,99.23,100.0,1
2024-07-04T14:05:00,14.39,40.0,0.0,99.23,100.0,1
2024-07-04T14:10:00,14.45,40.0,0.0,99.23,100.0,1
2024-07-04T14:15:00,14.44,40.0,0.0,99.23,100.0,1
2024-07-04T14:20:00,14.35,40.0,0.0,99.23,100.0,1
2024-07-04T14:25:00,14.41,40.0,0.0,99.23,100.0,1
2024-07-04T14:30:00,14.36,40.0,0.0,99.23,100.0,1
2024-07-04T14:35:00,14.41,40.0,0.0,99.23,100.0,1
2024-07-04T14:40:00,14.39,40.0,0.0,99.23,100.0,1
2024-07-04T14:45:00,14.47,40.0,0.0,99.23,100.0,1
2024-07-04T14:50:00,14.41,40.0,0.0,99.22,100.0,1
2024-07-04T14:55:00,14.4,40.0,0.0,99.22,100.0,1
2024-07-04T15:00:00,14.37,40.0,0.0,99.22,100.0,1
2024-07-04T15:05:00,14.39,40.0,0.0,99.22,100.0,1
2024-07-04T15:10:00,14.43,40.0,0.0,99.22,100.0,1
2024-07-04T15:15:00,14.44,40.0,0.0,99.22,100.0,1
2024-07-04T15:20:00,14.4,40.0,0.0,99.22,100.0,1
2024-07-04T15:25:00,14.43,40.0,0.0,99.22,100.0,1
2024-07-04T15:30:00,14.41,40.0,0.0,99.22,100.0,1
2024-07-04T15:35:00,14.4,40.0,0.0,99.22,100.0,1
2024-07-04T15:40:00,14.38,40.0,0.0,99.22,100.0,1
2024-07-04T15:45:00,14.41,40.0,0.0,99.22,100.0,1
2024-07-04T15:50:00,14.39,40.0,0.0,99.22,100.0,1
2024-07-04T15:55:00,14.39,40.0,0.0,99.22,100.0,1
2024-07-04T16:00:00,14.39,40.0,0.0,99.21,100.0,1
2024-07-04T16:05:00,14.42,40.0,0.0,99.21,100.0,1
2024-07-04T16:10:00,14.44,40.0,0.0,99.21,100.0,1
2024-07-04T16:15:00,14.41,40.0,0.0,99.21,100.0,1
2024-07-04T16:20:00,14.39,40.0,0.0,99.21,100.0,1
2024-07-04T16:25:00,14.36,40.0,0.0,99.21,100.0,1
2024-07-04T16:30:00,14.34,40.0,0.0,99.21,100.0,1
2024-07-04T16:35:00,14.4,40.0,0.0,99.21,100.0,1
2024-07-04T16:40:00,14.4,40.0,0.0,99.21,100.0,1
2024-07-04T16:45:00,14.39,40.0,0.0,99.21,100.0,1
2024-07-04T16:50:00,14.36,35.3,0.0,99.21,100.0,1
2024-07-04T16:55:00,14.47,30.36,0.0,99.21,100.0,1
2024-07-04T17:00:00,14.41,27.14,0.0,99.21,100.0,1
2024-07-04T17:05:00,14.4,21.73,0.0,99.2,100.0,1
2024-07-04T17:10:00,14.39,18.27,0.0,99.2,100.0,1
2024-07-04T17:15:00,14.38,11.53,0.0,99.2,100.0,1
2024-07-04T17:20:00,14.43,8.3,0.0,99.2,100.0,1
2024-07-04T17:25:00,14.41,2.08,0.0,99.2,100.0,1
2024-07-04T17:30:00,14.33,0.0,2.39,99.2,100.0,0
2024-07-04T17:35:00,14.37,0.0,5.53,99.2,99.9,0
2024-07-04T17:40:00,14.42,0.0,11.12,99.2,99.8,0
2024-07-04T17:45:00,14.39,0.0,13.6,99.2,99.7,0
2024-07-04T17:50:00,14.36,0.0,17.83,99.2,99.6,0
2024-07-04T17:55:00,14.34,0.0,23.75,99.2,99.4,0
2024-07-04T18:00:00,14.36,0.0,29.27,99.2,99.2,0
2024-07-04T18:05:00,14.39,0.0,33.08,99.2,98.9,0
2024-07-04T18:10:00,14.32,0.0,37.83,99.19,98.6,0
2024-07-04T18:15:00,14.33,0.0,39.21,99.19,98.3,0
2024-07-04T18:20:00,14.37,0.0,43.14,99.19,98.0,0
2024-07-04T18:25:00,14.28,0.0,49.8,99.19,97.6,0
2024-07-04T18:30:00,14.3,0.0,54.17,99.19,97.1,0
2024-07-04T18:35:00,14.23,0.0,57.43,99.19,96.7,0
2024-07-04T18:40:00,14.28,0.0,60.0,99.19,96.2,0
2024-07-04T18:45:00,14.18,0.0,60.0,99.19,95.7,0
2024-07-04T18:50:00,14.25,0.0,60.0,99.19,95.1,0
2024-07-04T18:55:00,14.23,0.0,60.0,99.19,94.6,0
2024-07-04T19:00:00,14.21,0.0,60.0,99.19,94.0,0
2024-07-04T19:05:00,14.16,0.0,60.0,99.19,93.3,0
2024-07-04T19:10:00,14.18,0.0,60.0,99.19,92.7,0
2024-07-04T19:15:00,14.2,0.0,60.0,99.19,92.0,0
2024-07-04T19:20:00,14.15,0.0,60.0,99.18,91.3,0
2024-07-04T19:25:00,14.12,0.0,60.0,99.18,90.6,0
2024-07-04T19:30:00,14.04,0.0,60.0,99.18,89.9,0
2024-07-04T19:35:00,14.02,0.0,60.0,99.18,89.2,0
2024-07-04T19:40:00,14.04,0.0,60.0,99.18,88.5,0
2024-07-04T19:45:00,14.02,0.0,60.0,99.18,87.7,0
2024-07-04T19:50:00,13.98,0.0,60.0,99.18,87.0,0
2024-07-04T19:55:00,14.0,0.0,60.0,99.18,86.3,0
2024-07-04T20:00:00,13.92,0.0,60.0,99.18,84.7,0
2024-07-04T20:05:00,13.84,0.0,60.0,99.18,83.2,0
2024-07-04T20:10:00,13.8,0.0,60.0,99.18,81.6,0
2024-07-04T20:15:00,13.77,0.0,60.0,99.18,80.1,0
2024-07-04T20:20:00,13.71,0.0,60.0,99.18,78.5,0
2024-07-04T20:25:00,13.65,0.0,60.0,99.17,77.0,0
2024-07-04T20:30:00,13.57,0.0,60.0,99.17,75.4,0
2024-07-04T20:35:00,13.6,0.0,60.0,99.17,73.9,0
2024-07-04T20:40:00,13.52,0.0,60.0,99.17,72.3,0
2024-07-04T20:45:00,13.49,0.0,60.0,99.17,70.7,0
2024-07-04T20:50:00,13.4,0.0,60.0,99.17,69.2,0
2024-07-04T20:55:00,13.33,0.0,60.0,99.17,67.7,0
2024-07-04T21:00:00,13.36,0.0,60.0,99.17,66.9,0
2024-07-04T21:05:00,13.24,0.0,60.0,99.17,66.2,0
2024-07-04T21:10:00,13.28,0.0,60.0,99.17,65.5,0
2024-07-04T21:15:00,13.32,0.0,60.0,99.17,64.8,0
2024-07-04T21:20:00,13.28,0.0,60.0,99.17,64.1,0
2024-07-04T21:25:00,13.21,0.0,60.0,99.17,63.3,0
2024-07-04T21:30:00,13.22,0.0,60.0,99.17,62.6,0
2024-07-04T21:35:00,13.2,0.0,60.0,99.16,61.9,0
2024-07-04T21:40:00,13.13,0.0,60.0,99.16,61.2,0
2024-07-04T21:45:00,13.13,0.0,60.0,99.16,60.5,0
2024-07-04T21:50:00,13.1,0.0,60.0,99.16,59.7,0
2024-07-04T21:55:00,13.08,0.0,60.0,99.16,59.0,0
2024-07-04T22:00:00,13.13,0.0,60.0,99.16,58.0,0
2024-07-04T22:05:00,13.03,0.0,60.0,99.16,56.9,0
2024-07-04T22:10:00,12.95,0.0,60.0,99.16,55.9,0
2024-07-04T22:15:00,12.9,0.0,60.0,99.16,54.8,0
2024-07-04T22:20:00,12.96,0.0,60.0,99.16,53.7,0
2024-07-04T22:25:00,12.88,0.0,60.0,99.16,52.7,0
2024-07-04T22:30:00,12.83,0.0,60.0,99.16,51.6,0
2024-07-04T22:35:00,12.86,0.0,60.0,99.16,50.6,0
2024-07-04T22:40:00,12.77,0.0,60.0,99.15,49.5,0
2024-07-04T22:45:00,12.75,0.0,60.0,99.15,48.5,0
2024-07-04T22:50:00,12.74,0.0,60.0,99.15,47.4,0
2024-07-04T22:55:00,12.62,0.0,60.0,99.15,46.4,0
2024-07-04T23:00:00,12.72,0.0,60.0,99.15,45.8,0
2024-07-04T23:05:00,12.61,0.0,60.0,99.15,45.3,0
2024-07-04T23:10:00,12.59,0.0,60.0,99.15,44.7,0
2024-07-04T23:15:00,12.62,0.0,60.0,99.15,44.2,0
2024-07-04T23:20:00,12.59,0.0,60.0,99.15,43.6,0
2024-07-04T23:25:00,12.55,0.0,60.0,99.15,43.1,0
2024-07-04T23:30:00,12.55,0.0,60.0,99.15,42.5,0
2024-07-04T23:35:00,12.53,0.0,60.0,99.15,42.0,0
2024-07-04T23:40:00,12.51,0.0,60.0,99.15,41.4,0
2024-07-04T23:45:00,12.47,0.0,60.0,99.15,40.9,0
2024-07-04T23:50:00,12.51,0.0,60.0,99.14,40.3,0
2024-07-04T23:55:00,12.41,0.0,60.0,99.14,39.8,0
2024-07-05T00:00:00,12.44,0.0,60.0,99.14,39.2,0
2024-07-05T00:05:00,12.42,0.0,60.0,99.14,38.7,0
2024-07-05T00:10:00,12.43,0.0,60.0,99.14,38.1,0
2024-07-05T00:15:00,12.38,0.0,60.0,99.14,37.6,0
2024-07-05T00:20:00,12.33,0.0,60.0,99.14,37.0,0
2024-07-05T00:25:00,12.38,0.0,60.0,99.14,36.4,0
2024-07-05T00:30:00,12.32,0.0,60.0,99.14,35.9,0
2024-07-05T00:35:00,12.35,0.0,60.0,99.14,35.3,0
2024-07-05T00:40:00,12.29,0.0,60.0,99.14,34.8,0
2024-07-05T00:45:00,12.29,0.0,60.0,99.14,34.2,0
2024-07-05T00:50:00,12.28,0.0,60.0,99.14,33.7,0
2024-07-05T00:55:00,12.2,0.0,60.0,99.13,33.1,0
2024-07-05T01:00:00,12.29,0.0,60.0,99.13,32.6,0
2024-07-05T01:05:00,12.25,0.0,60.0,99.13,32.0,0
2024-07-05T01:10:00,12.15,0.0,60.0,99.13,31.5,0
2024-07-05T01:15:00,12.16,0.0,60.0,99.13,30.9,0
2024-07-05T01:20:00,12.11,0.0,60.0,99.13,30.4,0
2024-07-05T01:25:00,12.15,0.0,60.0,99.13,29.8,0
2024-07-05T01:30:00,12.13,0.0,60.0,99.13,29.3,0
2024-07-05T01:35:00,12.05,0.0,60.0,99.13,28.7,0
2024-07-05T01:40:00,12.12,0.0,60.0,99.13,28.2,0
2024-07-05T01:45:00,12.14,0.0,60.0,99.13,27.6,0
2024-07-05T01:50:00,12.07,0.0,60.0,99.13,27.1,0
2024-07-05T01:55:00,12.1,0.0,60.0,99.13,26.5,0
2024-07-05T02:00:00,12.01,0.0,60.0,99.12,25.9,0
2024-07-05T02:05:00,12.01,0.0,60.0,99.12,25.4,0
2024-07-05T02:10:00,12.01,0.0,60.0,99.12,24.8,0
2024-07-05T02:15:00,11.98,0.0,60.0,99.12,24.3,0
2024-07-05T02:20:00,11.99,0.0,60.0,99.12,23.7,0
2024-07-05T02:25:00,11.96,0.0,60.0,99.12,23.2,0
2024-07-05T02:30:00,11.89,0.0,60.0,99.12,22.6,0
2024-07-05T02:35:00,11.9,0.0,60.0,99.12,22.1,0
2024-07-05T02:40:00,11.9,0.0,60.0,99.12,21.5,0
2024-07-05T02:45:00,11.88,0.0,60.0,99.12,21.0,0
2024-07-05T02:50:00,11.87,0.0,60.0,99.12,20.4,0
2024-07-05T02:55:00,11.82,0.0,60.0,99.12,19.9,0
2024-07-05T03:00:00,11.8,0.0,60.0,99.12,19.3,0
2024-07-05T03:05:00,11.78,0.0,60.0,99.12,18.8,0
2024-07-05T03:10:00,11.83,0.0,60.0,99.11,18.2,0
2024-07-05T03:15:00,11.73,0.0,60.0,99.11,17.7,0
2024-07-05T03:20:00,11.74,0.0,60.0,99.11,17.1,0
2024-07-05T03:25:00,11.69,0.0,60.0,99.11,16.6,0
2024-07-05T03:30:00,11.69,0.0,60.0,99.11,16.0,0
2024-07-05T03:35:00,11.64,0.0,60.0,99.11,15.5,0
2024-07-05T03:40:00,11.7,0.0,60.0,99.11,14.9,0
2024-07-05T03:45:00,11.63,0.0,60.0,99.11,14.4,0
2024-07-05T03:50:00,11.61,0.0,60.0,99.11,13.8,0
2024-07-05T03:55:00,11.62,0.0,60.0,99.11,13.3,0
2024-07-05T04:00:00,11.66,0.0,60.0,99.11,12.7,0
2024-07-05T04:05:00,11.57,0.0,60.0,99.11,12.2,0
2024-07-05T04:10:00,11.52,0.0,60.0,99.11,11.6,0
2024-07-05T04:15:00,11.57,0.0,60.0,99.1,11.1,0
2024-07-05T04:20:00,11.5,0.0,60.0,99.1,10.5,0
2024-07-05T04:25:00,11.46,0.0,60.0,99.1,10.0,0
2024-07-05T04:30:00,11.57,0.0,60.0,99.1,10.0,0
2024-07-05T04:35:00,11.48,0.0,60.0,99.1,10.0,0
2024-07-05T04:40:00,11.47,0.0,60.0,99.1,10.0,0
2024-07-05T04:45:00,11.51,0.0,60.0,99.1,10.0,0
2024-07-05T04:50:00,11.47,0.0,60.0,99.1,10.0,0
2024-07-05T04:55:00,11.52,0.0,60.0,99.1,10.0,0
2024-07-05T05:00:00,11.55,0.0,60.0,99.1,10.0,0
2024-07-05T05:05:00,11.51,0.0,60.0,99.1,10.0,0
2024-07-05T05:10:00,11.48,0.0,60.0,99.1,10.0,0
2024-07-05T05:15:00,11.5,0.0,60.0,99.1,10.0,0
2024-07-05T05:20:00,11.47,0.0,60.0,99.1,10.0,0
2024-07-05T05:25:00,11.5,0.0,60.0,99.09,10.0,0
2024-07-05T05:30:00,11.51,0.0,60.0,99.09,10.0,0
2024-07-05T05:35:00,11.53,0.0,60.0,99.09,10.0,0
2024-07-05T05:40:00,11.51,0.0,60.0,99.09,10.0,0
2024-07-05T05:45:00,11.53,0.0,60.0,99.09,10.0,0
2024-07-05T05:50:00,11.46,0.0,60.0,99.09,10.0,0
2024-07-05T05:55:00,11.52,0.0,60.0,99.09,10.0,0
2024-07-05T06:00:00,11.52,0.0,60.0,99.09,10.0,0
2024-07-05T06:05:00,11.48,0.0,60.0,99.09,10.0,0
2024-07-05T06:10:00,11.51,0.0,60.0,99.09,10.0,0
2024-07-05T06:15:00,11.54,0.0,60.0,99.09,10.0,0
2024-07-05T06:20:00,11.54,0.0,60.0,99.09,10.0,0
2024-07-05T06:25:00,11.47,0.0,60.0,99.09,10.0,0
2024-07-05T06:30:00,11.51,0.0,60.0,99.08,10.0,0
2024-07-05T06:35:00,11.49,0.0,60.0,99.08,10.0,0
2024-07-05T06:40:00,11.52,0.0,60.0,99.08,10.0,0
2024-07-05T06:45:00,11.51,0.0,60.0,99.08,10.0,0
2024-07-05T06:50:00,11.5,0.0,60.0,99.08,10.0,0
2024-07-05T06:55:00,11.5,0.0,60.0,99.08,10.0,0
2024-07-05T07:00:00,11.47,0.0,60.0,99.08,10.0,0
2024-07-05T07:05:00,11.51,0.0,60.0,99.08,10.0,0
2024-07-05T07:10:00,11.47,0.0,60.0,99.08,10.0,0
2024-07-05T07:15:00,11.5,0.0,60.0,99.08,10.0,0
2024-07-05T07:20:00,11.52,0.0,60.0,99.08,10.0,0
2024-07-05T07:25:00,11.51,0.0,57.81,99.08,10.0,0
2024-07-05T07:30:00,11.46,0.0,52.01,99.08,10.0,0
2024-07-05T07:35:00,11.51,0.0,48.05,99.08,10.0,0
2024-07-05T07:40:00,11.47,0.0,43.66,99.07,10.0,0
2024-07-05T07:45:00,11.49,0.0,35.05,99.07,10.0,0
2024-07-05T07:50:00,11.51,0.0,32.99,99.07,10.0,0
2024-07-05T07:55:00,11.53,0.0,27.02,99.07,10.0,0
2024-07-05T08:00:00,11.51,40.0,0.0,99.07,10.7,1
2024-07-05T08:05:00,11.59,40.0,0.0,99.07,11.5,1
2024-07-05T08:10:00,11.59,40.0,0.0,99.07,12.2,1
2024-07-05T08:15:00,11.59,40.0,0.0,99.07,13.1,1
2024-07-05T08:20:00,11.62,40.0,0.0,99.07,13.9,1
2024-07-05T08:25:00,11.66,40.0,0.0,99.07,14.8,1
2024-07-05T08:30:00,11.64,40.0,0.0,99.07,15.7,1
2024-07-05T08:35:00,11.74,40.0,0.0,99.07,16.6,1
2024-07-05T08:40:00,11.74,40.0,0.0,99.07,17.6,1
2024-07-05T08:45:00,11.76,40.0,0.0,99.06,18.7,1
2024-07-05T08:50:00,11.77,40.0,0.0,99.06,19.7,1
2024-07-05T08:55:00,11.86,40.0,0.0,99.06,20.8,1
2024-07-05T09:00:00,11.89,40.0,0.0,99.06,21.9,1
2024-07-05T09:05:00,11.91,40.0,0.0,99.06,23.1,1
2024-07-05T09:10:00,11.95,40.0,0.0,99.06,24.3,1
2024-07-05T09:15:00,11.99,40.0,0.0,99.06,25.5,1
2024-07-05T09:20:00,12.06,40.0,0.0,99.06,26.7,1
2024-07-05T09:25:00,12.07,40.0,0.0,99.06,28.0,1
2024-07-05T09:30:00,12.12,40.0,0.0,99.06,29.4,1
2024-07-05T09:35:00,12.17,40.0,0.0,99.06,30.7,1
2024-07-05T09:40:00,12.21,40.0,0.0,99.06,32.0,1
2024-07-05T09:45:00,12.25,40.0,0.0,99.06,33.4,1
2024-07-05T09:50:00,12.3,40.0,0.0,99.06,34.9,1
2024-07-05T09:55:00,12.34,40.0,0.0,99.05,36.3,1
2024-07-05T10:00:00,12.39,40.0,0.0,99.05,37.8,1
2024-07-05T10:05:00,12.45,40.0,0.0,99.05,39.3,1
2024-07-05T10:10:00,12.5,40.0,0.0,99.05,40.8,1
2024-07-05T10:15:00,12.51,40.0,0.0,99.05,42.4,1
2024-07-05T10:20:00,12.65,40.0,0.0,99.05,44.0,1
2024-07-05T10:25:00,12.66,40.0,0.0,99.05,45.6,1
2024-07-05T10:30:00,12.66,40.0,0.0,99.05,47.2,1
2024-07-05T10:35:00,12.79,40.0,0.0,99.05,48.8,1
2024-07-05T10:40:00,12.83,40.0,0.0,99.05,50.5,1
2024-07-05T10:45:00,12.87,40.0,0.0,99.05,52.2,1
2024-07-05T10:50:00,12.93,40.0,0.0,99.05,53.9,1
2024-07-05T10:55:00,12.96,40.0,0.0,99.05,55.6,1
2024-07-05T11:00:00,13.03,40.0,0.0,99.04,57.4,1
2024-07-05T11:05:00,13.09,40.0,0.0,99.04,59.1,1
2024-07-05T11:10:00,13.14,40.0,0.0,99.04,60.9,1
2024-07-05T11:15:00,13.19,40.0,0.0,99.04,62.6,1
2024-07-05T11:20:00,13.27,40.0,0.0,99.04,64.4,1
2024-07-05T11:25:00,13.33,40.0,0.0,99.04,66.3,1
2024-07-05T11:30:00,13.35,40.0,0.0,99.04,68.1,1
2024-07-05T11:35:00,13.44,40.0,0.0,99.04,69.9,1
2024-07-05T11:40:00,13.47,40.0,0.0,99.04,71.8,1
2024-07-05T11:45:00,13.51,40.0,0.0,99.04,73.6,1
2024-07-05T11:50:00,13.62,40.0,0.0,99.04,75.5,1
2024-07-05T11:55:00,13.67,40.0,0.0,99.04,77.3,1
2024-07-05T12:00:00,13.77,40.0,0.0,99.04,79.2,1
2024-07-05T12:05:00,13.82,40.0,0.0,99.03,81.1,1
2024-07-05T12:10:00,13.8,40.0,0.0,99.03,83.0,1
2024-07-05T12:15:00,13.92,40.0,0.0,99.03,84.8,1
2024-07-05T12:20:00,13.97,40.0,0.0,99.03,86.7,1
2024-07-05T12:25:00,13.99,40.0,0.0,99.03,88.6,1
2024-07-05T12:30:00,14.12,40.0,0.0,99.03,90.5,1
2024-07-05T12:35:00,14.16,40.0,0.0,99.03,92.4,1
2024-07-05T12:40:00,14.16,40.0,0.0,99.03,94.3,1
2024-07-05T12:45:00,14.24,40.0,0.0,99.03,96.2,1
2024-07-05T12:50:00,14.31,40.0,0.0,99.03,98.1,1
2024-07-05T12:55:00,14.38,40.0,0.0,99.03,100.0,1
2024-07-05T13:00:00,14.37,40.0,0.0,99.03,100.0,1
2024-07-05T13:05:00,14.37,40.0,0.0,99.03,100.0,1
2024-07-05T13:10:00,14.42,40.0,0.0,99.03,100.0,1
2024-07-05T13:15:00,14.39,40.0,0.0,99.02,100.0,1
2024-07-05T13:20:00,14.38,40.0,0.0,99.02,100.0,1
2024-07-05T13:25:00,14.33,40.0,0.0,99.02,100.0,1
2024-07-05T13:30:00,14.4,40.0,0.0,99.02,100.0,1
2024-07-05T13:35:00,14.4,40.0,0.0,99.02,100.0,1
2024-07-05T13:40:00,14.41,40.0,0.0,99.02,100.0,1
2024-07-05T13:45:00,14.34,40.0,0.0,99.02,100.0,1
2024-07-05T13:50:00,14.38,40.0,0.0,99.02,100.0,1
2024-07-05T13:55:00,14.43,40.0,0.0,99.02,100.0,1
2024-07-05T14:00:00,14.34,40.0,0.0,99.02,100.0,1
2024-07-05T14:05:00,14.4,40.0,0.0,99.02,100.0,1
2024-07-05T14:10:00,14.35,40.0,0.0,99.02,100.0,1
2024-07-05T14:15:00,14.4,40.0,0.0,99.02,100.0,1
2024-07-05T14:20:00,14.38,40.0,0.0,99.01,100.0,1
2024-07-05T14:25:00,14.41,40.0,0.0,99.01,100.0,1
2024-07-05T14:30:00,14.42,40.0,0.0,99.01,100.0,1
2024-07-05T14:35:00,14.46,40.0,0.0,99.01,100.0,1
2024-07-05T14:40:00,14.37,40.0,0.0,99.01,100.0,1
2024-07-05T14:45:00,14.43,40.0,0.0,99.01,100.0,1
2024-07-05T14:50:00,14.41,40.0,0.0,99.01,100.0,1
2024-07-05T14:55:00,14.39,40.0,0.0,99.01,100.0,1
2024-07-05T15:00:00,14.37,40.0,0.0,99.01,100.0,1
2024-07-05T15:05:00,14.43,40.0,0.0,99.01,100.0,1
2024-07-05T15:10:00,14.36,40.0,0.0,99.01,100.0,1
2024-07-05T15:15:00,14.44,40.0,0.0,99.01,100.0,1
2024-07-05T15:20:00,14.39,40.0,0.0,99.01,100.0,1
2024-07-05T15:25:00,14.43,40.0,0.0,99.01,100.0,1
2024-07-05T15:30:00,14.43,40.0,0.0,99.0,100.0,1
2024-07-05T15:35:00,14.41,40.0,0.0,99.0,100.0,1
2024-07-05T15:40:00,14.38,40.0,0.0,99.0,100.0,1
2024-07-05T15:45:00,14.39,40.0,0.0,99.0,100.0,1
2024-07-05T15:50:00,14.41,40.0,0.0,99.0,100.0,1
2024-07-05T15:55:00,14.41,40.0,0.0,99.0,100.0,1
2024-07-05T16:00:00,14.43,40.0,0.0,99.0,100.0,1
2024-07-05T16:05:00,14.4,40.0,0.0,99.0,100.0,1
2024-07-05T16:10:00,14.36,40.0,0.0,99.0,100.0,1
2024-07-05T16:15:00,14.43,40.0,0.0,99.0,100.0,1
2024-07-05T16:20:00,14.46,40.0,0.0,99.0,100.0,1
2024-07-05T16:25:00,14.4,40.0,0.0,99.0,100.0,1
2024-07-05T16:30:00,14.41,40.0,0.0,99.0,100.0,1
2024-07-05T16:35:00,14.41,40.0,0.0,98.99,100.0,1
2024-07-05T16:40:00,14.39,40.0,0.0,98.99,100.0,1
2024-07-05T16:45:00,14.35,39.27,0.0,98.99,100.0,1
2024-07-05T16:50:00,14.39,34.68,0.0,98.99,100.0,1
2024-07-05T16:55:00,14.42,30.71,0.0,98.99,100.0,1
2024-07-05T17:00:00,14.4,27.32,0.0,98.99,100.0,1
2024-07-05T17:05:00,14.43,20.52,0.0,98.99,100.0,1
2024-07-05T17:10:00,14.41,18.29,0.0,98.99,100.0,1
2024-07-05T17:15:00,14.41,11.66,0.0,98.99,100.0,1
2024-07-05T17:20:00,14.36,8.23,0.0,98.99,100.0,1
2024-07-05T17:25:00,14.44,2.42,0.0,98.99,100.0,1
2024-07-05T17:30:00,14.34,0.0,1.51,98.99,100.0,0
2024-07-05T17:35:00,14.45,0.0,4.13,98.99,100.0,0
2024-07-05T17:40:00,14.39,0.0,9.53,98.99,99.9,0
2024-07-05T17:45:00,14.39,0.0,16.97,98.98,99.7,0
2024-07-05T17:50:00,14.43,0.0,18.11,98.98,99.6,0
2024-07-05T17:55:00,14.47,0.0,23.5,98.98,99.4,0
2024-07-05T18:00:00,14.39,0.0,27.04,98.98,99.2,0
2024-07-05T18:05:00,14.33,0.0,33.65,98.98,98.9,0
2024-07-05T18:10:00,14.33,0.0,35.9,98.98,98.6,0
2024-07-05T18:15:00,14.38,0.0,40.73,98.98,98.3,0
2024-07-05T18:20:00,14.32,0.0,43.92,98.98,98.0,0
2024-07-05T18:25:00,14.31,0.0,49.27,98.98,97.6,0
2024-07-05T18:30:00,14.35,0.0,54.48,98.98,97.1,0
2024-07-05T18:35:00,14.33,0.0,57.85,98.98,96.7,0
2024-07-05T18:40:00,14.27,0.0,60.0,98.98,96.2,0
2024-07-05T18:45:00,14.26,0.0,60.0,98.98,95.7,0
2024-07-05T18:50:00,14.29,0.0,60.0,98.97,95.1,0
2024-07-05T18:55:00,14.24,0.0,60.0,98.97,94.6,0
2024-07-05T19:00:00,14.19,0.0,60.0,98.97,94.0,0
2024-07-05T19:05:00,14.18,0.0,60.0,98.97,93.3,0
2024-07-05T19:10:00,14.17,0.0,60.0,98.97,92.7,0
2024-07-05T19:15:00,14.12,0.0,60.0,98.97,92.0,0
2024-07-05T19:20:00,14.07,0.0,60.0,98.97,91.3,0
2024-07-05T19:25:00,14.11,0.0,60.0,98.97,90.6,0
2024-07-05T19:30:00,14.09,0.0,60.0,98.97,89.9,0
2024-07-05T19:35:00,14.08,0.0,60.0,98.97,89.2,0
2024-07-05T19:40:00,14.03,0.0,60.0,98.97,88.5,0
2024-07-05T19:45:00,14.05,0.0,60.0,98.97,87.8,0
2024-07-05T19:50:00,13.98,0.0,60.0,98.97,87.0,0
2024-07-05T19:55:00,13.95,0.0,60.0,98.97,86.3,0
2024-07-05T20:00:00,13.91,0.0,60.0,98.96,84.8,0
2024-07-05T20:05:00,13.82,0.0,60.0,98.96,83.2,0
2024-07-05T20:10:00,13.77,0.0,60.0,98.96,81.7,0
2024-07-05T20:15:00,13.75,0.0,60.0,98.96,80.1,0
2024-07-05T20:20:00,13.7,0.0,60.0,98.96,78.6,0
2024-07-05T20:25:00,13.62,0.0,60.0,98.96,77.0,0
2024-07-05T20:30:00,13.63,0.0,60.0,98.96,75.5,0
2024-07-05T20:35:00,13.52,0.0,60.0,98.96,73.9,0
2024-07-05T20:40:00,13.5,0.0,60.0,98.96,72.4,0
2024-07-05T20:45:00,13.49,0.0,60.0,98.96,70.8,0
2024-07-05T20:50:00,13.44,0.0,60.0,98.96,69.2,0
2024-07-05T20:55:00,13.36,0.0,60.0,98.96,67.7,0
2024-07-05T21:00:00,13.31,0.0,60.0,98.96,67.0,0
2024-07-05T21:05:00,13.33,0.0,60.0,98.95,66.2,0
2024-07-05T21:10:00,13.24,0.0,60.0,98.95,65.5,0
2024-07-05T21:15:00,13.23,0.0,60.0,98.95,64.8,0
2024-07-05T21:20:00,13.24,0.0,60.0,98.95,64.1,0
2024-07-05T21:25:00,13.22,0.0,60.0,98.95,63.4,0
2024-07-05T21:30:00,13.18,0.0,60.0,98.95,62.6,0
2024-07-05T21:35:00,13.13,0.0,60.0,98.95,61.9,0
2024-07-05T21:40:00,13.19,0.0,60.0,98.95,61.2,0
2024-07-05T21:45:00,13.13,0.0,60.0,98.95,60.5,0
2024-07-05T21:50:00,13.13,0.0,60.0,98.95,59.8,0
2024-07-05T21:55:00,13.06,0.0,60.0,98.95,59.1,0
2024-07-05T22:00:00,13.05,0.0,60.0,98.95,58.0,0
2024-07-05T22:05:00,12.96,0.0,60.0,98.95,56.9,0
2024-07-05T22:10:00,12.97,0.0,60.0,98.94,55.9,0
2024-07-05T22:15:00,12.94,0.0,60.0,98.94,54.8,0
2024-07-05T22:20:00,12.97,0.0,60.0,98.94,53.8,0
2024-07-05T22:25:00,12.84,0.0,60.0,98.94,52.8,0
2024-07-05T22:30:00,12.84,0.0,60.0,98.94,51.7,0
2024-07-05T22:35:00,12.84,0.0,60.0,98.94,50.7,0
2024-07-05T22:40:00,12.78,0.0,60.0,98.94,49.6,0
2024-07-05T22:45:00,12.76,0.0,60.0,98.94,48.5,0
2024-07-05T22:50:00,12.71,0.0,60.0,98.94,47.5,0
2024-07-05T22:55:00,12.7,0.0,60.0,98.94,46.4,0
2024-07-05T23:00:00,12.65,0.0,60.0,98.94,45.9,0
2024-07-05T23:05:00,12.65,0.0,60.0,98.94,45.3,0
2024-07-05T23:10:00,12.59,0.0,60.0,98.94,44.8,0
2024-07-05T23:15:00,12.59,0.0,60.0,98.94,44.2,0
2024-07-05T23:20:00,12.6,0.0,60.0,98.93,43.7,0
2024-07-05T23:25:00,12.54,0.0,60.0,98.93,43.1,0
2024-07-05T23:30:00,12.6,0.0,60.0,98.93,42.6,0
2024-07-05T23:35:00,12.5,0.0,60.0,98.93,42.0,0
2024-07-05T23:40:00,12.57,0.0,60.0,98.93,41.5,0
2024-07-05T23:45:00,12.5,0.0,60.0,98.93,40.9,0
2024-07-05T23:50:00,12.52,0.0,60.0,98.93,40.4,0
2024-07-05T23:55:00,12.44,0.0,60.0,98.93,39.8,0
2024-07-06T00:00:00,12.48,0.0,60.0,98.93,39.3,0
2024-07-06T00:05:00,12.43,0.0,60.0,98.93,38.7,0
2024-07-06T00:10:00,12.39,0.0,60.0,98.93,38.2,0
2024-07-06T00:15:00,12.34,0.0,60.0,98.93,37.6,0
2024-07-06T00:20:00,12.33,0.0,60.0,98.93,37.1,0
2024-07-06T00:25:00,12.3,0.0,60.0,98.92,36.5,0
2024-07-06T00:30:00,12.35,0.0,60.0,98.92,35.9,0
2024-07-06T00:35:00,12.24,0.0,60.0,98.92,35.4,0
2024-07-06T00:40:00,12.24,0.0,60.0,98.92,34.8,0
2024-07-06T00:45:00,12.27,0.0,60.0,98.92,34.3,0
2024-07-06T00:50:00,12.31,0.0,60.0,98.92,33.7,0
2024-07-06T00:55:00,12.29,0.0,60.0,98.92,33.2,0
2024-07-06T01:00:00,12.27,0.0,60.0,98.92,32.6,0
2024-07-06T01:05:00,12.22,0.0,60.0,98.92,32.1,0
2024-07-06T01:10:00,12.2,0.0,60.0,98.92,31.5,0
2024-07-06T01:15:00,12.24,0.0,60.0,98.92,31.0,0
2024-07-06T01:20:00,12.17,0.0,60.0,98.92,30.4,0
2024-07-06T01:25:00,12.16,0.0,60.0,98.92,29.8,0
2024-07-06T01:30:00,12.13,0.0,60.0,98.92,29.3,0
2024-07-06T01:35:00,12.14,0.0,60.0,98.91,28.7,0
2024-07-06T01:40:00,12.11,0.0,60.0,98.91,28.2,0
2024-07-06T01:45:00,12.05,0.0,60.0,98.91,27.7,0
2024-07-06T01:50:00,12.03,0.0,60.0,98.91,27.1,0
2024-07-06T01:55:00,12.04,0.0,60.0,98.91,26.5,0
2024-07-06T02:00:00,12.02,0.0,60.0,98.91,26.0,0
2024-07-06T02:05:00,11.98,0.0,60.0,98.91,25.4,0
2024-07-06T02:10:00,12.01,0.0,60.0,98.91,24.9,0
2024-07-06T02:15:00,11.96,0.0,60.0,98.91,24.3,0
2024-07-06T02:20:00,11.91,0.0,60.0,98.91,23.8,0
2024-07-06T02:25:00,11.95,0.0,60.0,98.91,23.2,0
2024-07-06T02:30:00,11.92,0.0,60.0,98.91,22.7,0
2024-07-06T02:35:00,11.94,0.0,60.0,98.91,22.1,0
2024-07-06T02:40:00,11.88,0.0,60.0,98.9,21.6,0
2024-07-06T02:45:00,11.91,0.0,60.0,98.9,21.0,0
2024-07-06T02:50:00,11.82,0.0,60.0,98.9,20.5,0
2024-07-06T02:55:00,11.82,0.0,60.0,98.9,19.9,0
2024-07-06T03:00:00,11.79,0.0,60.0,98.9,19.4,0
2024-07-06T03:05:00,11.8,0.0,60.0,98.9,18.8,0
2024-07-06T03:10:00,11.8,0.0,60.0,98.9,18.3,0
2024-07-06T03:15:00,11.77,0.0,60.0,98.9,17.7,0
2024-07-06T03:20:00,11.75,0.0,60.0,98.9,17.2,0
2024-07-06T03:25:00,11.73,0.0,60.0,98.9,16.6,0
2024-07-06T03:30:00,11.72,0.0,60.0,98.9,16.1,0
2024-07-06T03:35:00,11.68,0.0,60.0,98.9,15.5,0
2024-07-06T03:40:00,11.66,0.0,60.0,98.9,14.9,0
2024-07-06T03:45:00,11.64,0.0,60.0,98.9,14.4,0
2024-07-06T03:50:00,11.62,0.0,60.0,98.89,13.8,0
2024-07-06T03:55:00,11.6,0.0,60.0,98.89,13.3,0
2024-07-06T04:00:00,11.54,0.0,60.0,98.89,12.7,0
2024-07-06T04:05:00,11.61,0.0,60.0,98.89,12.2,0
2024-07-06T04:10:00,11.59,0.0,60.0,98.89,11.6,0
2024-07-06T04:15:00,11.6,0.0,60.0,98.89,11.1,0
2024-07-06T04:20:00,11.49,0.0,60.0,98.89,10.5,0
2024-07-06T04:25:00,11.51,0.0,60.0,98.89,10.0,0
2024-07-06T04:30:00,11.5,0.0,60.0,98.89,10.0,0
2024-07-06T04:35:00,11.46,0.0,60.0,98.89,10.0,0
2024-07-06T04:40:00,11.51,0.0,60.0,98.89,10.0,0
2024-07-06T04:45:00,11.43,0.0,60.0,98.89,10.0,0
2024-07-06T04:50:00,11.52,0.0,60.0,98.89,10.0,0
2024-07-06T04:55:00,11.48,0.0,60.0,98.88,10.0,0
2024-07-06T05:00:00,11.52,0.0,60.0,98.88,10.0,0
2024-07-06T05:05:00,11.51,0.0,60.0,98.88,10.0,0
2024-07-06T05:10:00,11.45,0.0,60.0,98.88,10.0,0
2024-07-06T05:15:00,11.48,0.0,60.0,98.88,10.0,0
2024-07-06T05:20:00,11.51,0.0,60.0,98.88,10.0,0
2024-07-06T05:25:00,11.53,0.0,60.0,98.88,10.0,0
2024-07-06T05:30:00,11.54,0.0,60.0,98.88,10.0,0
2024-07-06T05:35:00,11.5,0.0,60.0,98.88,10.0,0
2024-07-06T05:40:00,11.49,0.0,60.0,98.88,10.0,0
2024-07-06T05:45:00,11.52,0.0,60.0,98.88,10.0,0
2024-07-06T05:50:00,11.5,0.0,60.0,98.88,10.0,0
2024-07-06T05:55:00,11.51,0.0,60.0,98.88,10.0,0
2024-07-06T06:00:00,11.48,0.0,60.0,98.88,10.0,0
2024-07-06T06:05:00,11.45,0.0,60.0,98.87,10.0,0
2024-07-06T06:10:00,11.53,0.0,60.0,98.87,10.0,0
2024-07-06T06:15:00,11.52,0.0,60.0,98.87,10.0,0
2024-07-06T06:20:00,11.5,0.0,60.0,98.87,10.0,0
2024-07-06T06:25:00,11.5,0.0,60.0,98.87,10.0,0
2024-07-06T06:30:00,11.47,0.0,60.0,98.87,10.0,0
2024-07-06T06:35:00,11.53,0.0,60.0,98.87,10.0,0
2024-07-06T06:40:00,11.5,0.0,60.0,98.87,10.0,0
2024-07-06T06:45:00,11.51,0.0,60.0,98.87,10.0,0
2024-07-06T06:50:00,11.49,0.0,60.0,98.87,10.0,0
2024-07-06T06:55:00,11.48,0.0,60.0,98.87,10.0,0
2024-07-06T07:00:00,11.46,0.0,60.0,98.87,10.0,0
2024-07-06T07:05:00,11.49,0.0,60.0,98.87,10.0,0
2024-07-06T07:10:00,11.48,0.0,60.0,98.86,10.0,0
2024-07-06T07:15:00,11.5,0.0,60.0,98.86,10.0,0
2024-07-06T07:20:00,11.47,0.0,60.0,98.86,10.0,0
2024-07-06T07:25:00,11.49,0.0,59.71,98.86,10.0,0
2024-07-06T07:30:00,11.47,0.0,54.32,98.86,10.0,0
2024-07-06T07:35:00,11.5,0.0,49.74,98.86,10.0,0
2024-07-06T07:40:00,11.48,0.0,45.8,98.86,10.0,0
2024-07-06T07:45:00,11.48,0.0,36.87,98.86,10.0,0
2024-07-06T07:50:00,11.53,0.0,29.82,98.86,10.0,0
2024-07-06T07:55:00,11.52,0.0,26.73,98.86,10.0,0
2024-07-06T08:00:00,11.56,40.0,0.0,98.86,10.7,1
2024-07-06T08:05:00,11.51,40.0,0.0,98.86,11.5,1
2024-07-06T08:10:00,11.53,40.0,0.0,98.86,12.2,1
2024-07-06T08:15:00,11.67,40.0,0.0,98.85,13.1,1
2024-07-06T08:20:00,11.64,40.0,0.0,98.85,13.9,1
2024-07-06T08:25:00,11.67,40.0,0.0,98.85,14.8,1
2024-07-06T08:30:00,11.65,40.0,0.0,98.85,15.7,1
2024-07-06T08:35:00,11.68,40.0,0.0,98.85,16.7,1
2024-07-06T08:40:00,11.74,40.0,0.0,98.85,17.7,1
2024-07-06T08:45:00,11.73,40.0,0.0,98.85,18.7,1
2024-07-06T08:50:00,11.84,40.0,0.0,98.85,19.8,1
2024-07-06T08:55:00,11.82,40.0,0.0,98.85,20.8,1
2024-07-06T09:00:00,11.9,40.0,0.0,98.85,22.0,1
2024-07-06T09:05:00,11.96,40.0,0.0,98.85,23.1,1
2024-07-06T09:10:00,11.95,40.0,0.0,98.85,24.3,1
2024-07-06T09:15:00,12.0,40.0,0.0,98.85,25.5,1
2024-07-06T09:20:00,12.0,40.0,0.0,98.85,26.8,1
2024-07-06T09:25:00,12.04,40.0,0.0,98.84,28.0,1
2024-07-06T09:30:00,12.12,40.0,0.0,98.84,29.4,1
2024-07-06T09:35:00,12.16,40.0,0.0,98.84,30.7,1
2024-07-06T09:40:00,12.21,40.0,0.0,98.84,32.1,1
2024-07-06T09:45:00,12.22,40.0,0.0,98.84,33.5,1
2024-07-06T09:50:00,12.33,40.0,0.0,98.84,34.9,1
2024-07-06T09:55:00,12.32,40.0,0.0,98.84,36.4,1
2024-07-06T10:00:00,12.43,40.0,0.0,98.84,37.9,1
2024-07-06T10:05:00,12.45,40.0,0.0,98.84,39.4,1
2024-07-06T10:10:00,12.48,40.0,0.0,98.84,40.9,1
2024-07-06T10:15:00,12.51,40.0,0.0,98.84,42.4,1
2024-07-06T10:20:00,12.59,40.0,0.0,98.84,44.0,1
2024-07-06T10:25:00,12.66,40.0,0.0,98.84,45.6,1
2024-07-06T10:30:00,12.67,40.0,0.0,98.83,47.2,1
2024-07-06T10:35:00,12.77,40.0,0.0,98.83,48.9,1
2024-07-06T10:40:00,12.84,40.0,0.0,98.83,50.5,1
2024-07-06T10:45:00,12.85,40.0,0.0,98.83,52.2,1
2024-07-06T10:50:00,12.86,40.0,0.0,98.83,53.9,1
2024-07-06T10:55:00,12.97,40.0,0.0,98.83,55.6,1
2024-07-06T11:00:00,12.98,40.0,0.0,98.83,57.4,1
2024-07-06T11:05:00,13.06,40.0,0.0,98.83,59.1,1
2024-07-06T11:10:00,13.13,40.0,0.0,98.83,60.9,1
2024-07-06T11:15:00,13.21,40.0,0.0,98.83,62.7,1
2024-07-06T11:20:00,13.24,40.0,0.0,98.83,64.5,1
2024-07-06T11:25:00,13.33,40.0,0.0,98.83,66.3,1
2024-07-06T11:30:00,13.41,40.0,0.0,98.83,68.1,1
2024-07-06T11:35:00,13.42,40.0,0.0,98.83,69.9,1
2024-07-06T11:40:00,13.5,40.0,0.0,98.82,71.8,1
2024-07-06T11:45:00,13.59,40.0,0.0,98.82,73.6,1
2024-07-06T11:50:00,13.68,40.0,0.0,98.82,75.5,1
2024-07-06T11:55:00,13.68,40.0,0.0,98.82,77.3,1
2024-07-06T12:00:00,13.72,40.0,0.0,98.82,79.2,1
2024-07-06T12:05:00,13.8,40.0,0.0,98.82,81.1,1
2024-07-06T12:10:00,13.83,40.0,0.0,98.82,83.0,1
2024-07-06T12:15:00,13.9,40.0,0.0,98.82,84.9,1
2024-07-06T12:20:00,13.99,40.0,0.0,98.82,86.8,1
2024-07-06T12:25:00,14.01,40.0,0.0,98.82,88.7,1
2024-07-06T12:30:00,14.12,40.0,0.0,98.82,90.6,1
2024-07-06T12:35:00,14.16,40.0,0.0,98.82,92.4,1
2024-07-06T12:40:00,14.25,40.0,0.0,98.82,94.3,1
2024-07-06T12:45:00,14.27,40.0,0.0,98.81,96.2,1
2024-07-06T12:50:00,14.31,40.0,0.0,98.81,98.1,1
2024-07-06T12:55:00,14.35,40.0,0.0,98.81,100.0,1
2024-07-06T13:00:00,14.38,40.0,0.0,98.81,100.0,1
2024-07-06T13:05:00,14.38,40.0,0.0,98.81,100.0,1
2024-07-06T13:10:00,14.42,40.0,0.0,98.81,100.0,1
2024-07-06T13:15:00,14.38,40.0,0.0,98.81,100.0,1
2024-07-06T13:20:00,14.41,40.0,0.0,98.81,100.0,1
2024-07-06T13:25:00,14.42,40.0,0.0,98.81,100.0,1
2024-07-06T13:30:00,14.43,40.0,0.0,98.81,100.0,1
2024-07-06T13:35:00,14.42,40.0,0.0,98.81,100.0,1
2024-07-06T13:40:00,14.36,40.0,0.0,98.81,100.0,1
2024-07-06T13:45:00,14.39,40.0,0.0,98.81,100.0,1
2024-07-06T13:50:00,14.37,40.0,0.0,98.81,100.0,1
2024-07-06T13:55:00,14.36,40.0,0.0,98.8,100.0,1
2024-07-06T14:00:00,14.43,40.0,0.0,98.8,100.0,1
2024-07-06T14:05:00,14.42,40.0,0.0,98.8,100.0,1
2024-07-06T14:10:00,14.42,40.0,0.0,98.8,100.0,1
2024-07-06T14:15:00,14.4,40.0,0.0,98.8,100.0,1
2024-07-06T14:20:00,14.4,40.0,0.0,98.8,100.0,1
2024-07-06T14:25:00,14.42,40.0,0.0,98.8,100.0,1
2024-07-06T14:30:00,14.37,40.0,0.0,98.8,100.0,1
2024-07-06T14:35:00,14.35,40.0,0.0,98.8,100.0,1
2024-07-06T14:40:00,14.39,40.0,0.0,98.8,100.0,1
2024-07-06T14:45:00,14.38,40.0,0.0,98.8,100.0,1
2024-07-06T14:50:00,14.35,40.0,0.0,98.8,100.0,1
2024-07-06T14:55:00,14.41,40.0,0.0,98.8,100.0,1
2024-07-06T15:00:00,14.44,40.0,0.0,98.79,100.0,1
2024-07-06T15:05:00,14.37,40.0,0.0,98.79,100.0,1
2024-07-06T15:10:00,14.41,40.0,0.0,98.79,100.0,1
2024-07-06T15:15:00,14.36,40.0,0.0,98.79,100.0,1
2024-07-06T15:20:00,14.4,40.0,0.0,98.79,100.0,1
2024-07-06T15:25:00,14.39,40.0,0.0,98.79,100.0,1
2024-07-06T15:30:00,14.41,40.0,0.0,98.79,100.0,1
2024-07-06T15:35:00,14.37,40.0,0.0,98.79,100.0,1
2024-07-06T15:40:00,14.37,40.0,0.0,98.79,100.0,1
2024-07-06T15:45:00,14.41,40.0,0.0,98.79,100.0,1
2024-07-06T15:50:00,14.4,40.0,0.0,98.79,100.0,1
2024-07-06T15:55:00,14.4,40.0,0.0,98.79,100.0,1
2024-07-06T16:00:00,14.44,40.0,0.0,98.79,100.0,1
2024-07-06T16:05:00,14.4,40.0,0.0,98.78,100.0,1
2024-07-06T16:10:00,14.38,40.0,0.0,98.78,100.0,1
2024-07-06T16:15:00,14.38,40.0,0.0,98.78,100.0,1
2024-07-06T16:20:00,14.4,40.0,0.0,98.78,100.0,1
2024-07-06T16:25:00,14.38,40.0,0.0,98.78,100.0,1
2024-07-06T16:30:00,14.39,40.0,0.0,98.78,100.0,1
2024-07-06T16:35:00,14.39,40.0,0.0,98.78,100.0,1
2024-07-06T16:40:00,14.39,40.0,0.0,98.78,100.0,1
2024-07-06T16:45:00,14.43,38.33,0.0,98.78,100.0,1
2024-07-06T16:50:00,14.41,33.73,0.0,98.78,100.0,1
2024-07-06T16:55:00,14.35,31.28,0.0,98.78,100.0,1
2024-07-06T17:00:00,14.42,24.75,0.0,98.78,100.0,1
2024-07-06T17:05:00,14.4,21.28,0.0,98.78,100.0,1
2024-07-06T17:10:00,14.43,17.91,0.0,98.78,100.0,1
2024-07-06T17:15:00,14.46,12.09,0.0,98.77,100.0,1
2024-07-06T17:20:00,14.39,7.74,0.0,98.77,100.0,1
2024-07-06T17:25:00,14.43,3.6,0.0,98.77,100.0,1
2024-07-06T17:30:00,14.42,0.0,2.76,98.77,100.0,0
2024-07-06T17:35:00,14.37,0.0,4.89,98.77,99.9,0
2024-07-06T17:40:00,14.42,0.0,8.84,98.77,99.9,0
2024-07-06T17:45:00,14.32,0.0,15.38,98.77,99.7,0
2024-07-06T17:50:00,14.41,0.0,17.23,98.77,99.6,0
2024-07-06T17:55:00,14.41,0.0,23.52,98.77,99.4,0
2024-07-06T18:00:00,14.36,0.0,26.99,98.77,99.2,0
2024-07-06T18:05:00,14.35,0.0,33.07,98.77,98.9,0
2024-07-06T18:10:00,14.3,0.0,36.49,98.77,98.7,0
2024-07-06T18:15:00,14.37,0.0,38.6,98.77,98.3,0
2024-07-06T18:20:00,14.31,0.0,45.95,98.76,98.0,0
2024-07-06T18:25:00,14.36,0.0,49.85,98.76,97.6,0
2024-07-06T18:30:00,14.33,0.0,53.21,98.76,97.2,0
2024-07-06T18:35:00,14.31,0.0,57.91,98.76,96.7,0
2024-07-06T18:40:00,14.28,0.0,60.0,98.76,96.2,0
2024-07-06T18:45:00,14.27,0.0,60.0,98.76,95.7,0
2024-07-06T18:50:00,14.2,0.0,60.0,98.76,95.1,0
2024-07-06T18:55:00,14.22,0.0,60.0,98.76,94.6,0
2024-07-06T19:00:00,14.24,0.0,60.0,98.76,93.9,0
2024-07-06T19:05:00,14.22,0.0,60.0,98.76,93.3,0
2024-07-06T19:10:00,14.18,0.0,60.0,98.76,92.7,0
2024-07-06T19:15:00,14.16,0.0,60.0,98.76,92.0,0
2024-07-06T19:20:00,14.1,0.0,60.0,98.76,91.3,0
2024-07-06T19:25:00,14.08,0.0,60.0,98.76,90.6,0
2024-07-06T19:30:00,14.1,0.0,60.0,98.75,89.9,0
2024-07-06T19:35:00,14.12,0.0,60.0,98.75,89.2,0
2024-07-06T19:40:00,14.03,0.0,60.0,98.75,88.5,0
2024-07-06T19:45:00,13.97,0.0,60.0,98.75,87.8,0
2024-07-06T19:50:00,13.96,0.0,60.0,98.75,87.0,0
2024-07-06T19:55:00,14.01,0.0,60.0,98.75,86.3,0
2024-07-06T20:00:00,13.88,0.0,60.0,98.75,84.8,0
2024-07-06T20:05:00,13.9,0.0,60.0,98.75,83.2,0
2024-07-06T20:10:00,13.8,0.0,60.0,98.75,81.7,0
2024-07-06T20:15:00,13.8,0.0,60.0,98.75,80.1,0
2024-07-06T20:20:00,13.69,0.0,60.0,98.75,78.6,0
2024-07-06T20:25:00,13.63,0.0,60.0,98.75,77.0,0
2024-07-06T20:30:00,13.63,0.0,60.0,98.75,75.4,0
2024-07-06T20:35:00,13.56,0.0,60.0,98.74,73.9,0
2024-07-06T20:40:00,13.44,0.0,60.0,98.74,72.3,0
2024-07-06T20:45:00,13.42,0.0,60.0,98.74,70.8,0
2024-07-06T20:50:00,13.41,0.0,60.0,98.74,69.2,0
2024-07-06T20:55:00,13.33,0.0,60.0,98.74,67.7,0
2024-07-06T21:00:00,13.31,0.0,60.0,98.74,67.0,0
2024-07-06T21:05:00,13.31,0.0,60.0,98.74,66.2,0
2024-07-06T21:10:00,13.26,0.0,60.0,98.74,65.5,0
2024-07-06T21:15:00,13.27,0.0,60.0,98.74,64.8,0
2024-07-06T21:20:00,13.23,0.0,60.0,98.74,64.1,0
2024-07-06T21:25:00,13.21,0.0,60.0,98.74,63.4,0
2024-07-06T21:30:00,13.24,0.0,60.0,98.74,62.6,0
2024-07-06T21:35:00,13.22,0.0,60.0,98.74,61.9,0
2024-07-06T21:40:00,13.1,0.0,60.0,98.74,61.2,0
2024-07-06T21:45:00,13.19,0.0,60.0,98.73,60.5,0
2024-07-06T21:50:00,13.1,0.0,60.0,98.73,59.7,0
2024-07-06T21:55:00,13.05,0.0,60.0,98.73,59.0,0
2024-07-06T22:00:00,13.04,0.0,60.0,98.73,58.0,0
2024-07-06T22:05:00,12.98,0.0,60.0,98.73,56.9,0
2024-07-06T22:10:00,13.0,0.0,60.0,98.73,55.9,0
2024-07-06T22:15:00,12.97,0.0,60.0,98.73,54.8,0
2024-07-06T22:20:00,12.92,0.0,60.0,98.73,53.8,0
2024-07-06T22:25:00,12.84,0.0,60.0,98.73,52.7,0
2024-07-06T22:30:00,12.88,0.0,60.0,98.73,51.7,0
2024-07-06T22:35:00,12.81,0.0,60.0,98.73,50.6,0
2024-07-06T22:40:00,12.79,0.0,60.0,98.73,49.6,0
2024-07-06T22:45:00,12.75,0.0,60.0,98.73,48.5,0
2024-07-06T22:50:00,12.76,0.0,60.0,98.72,47.5,0
2024-07-06T22:55:00,12.74,0.0,60.0,98.72,46.4,0
2024-07-06T23:00:00,12.63,0.0,60.0,98.72,45.9,0
2024-07-06T23:05:00,12.58,0.0,60.0,98.72,45.3,0
2024-07-06T23:10:00,12.6,0.0,60.0,98.72,44.8,0
2024-07-06T23:15:00,12.61,0.0,60.0,98.72,44.2,0
2024-07-06T23:20:00,12.6,0.0,60.0,98.72,43.7,0
2024-07-06T23:25:00,12.57,0.0,60.0,98.72,43.1,0
2024-07-06T23:30:00,12.54,0.0,60.0,98.72,42.5,0
2024-07-06T23:35:00,12.56,0.0,60.0,98.72,42.0,0
2024-07-06T23:40:00,12.52,0.0,60.0,98.72,41.4,0
2024-07-06T23:45:00,12.47,0.0,60.0,98.72,40.9,0
2024-07-06T23:50:00,12.44,0.0,60.0,98.72,40.3,0
2024-07-06T23:55:00,12.48,0.0,60.0,98.72,39.8,0
2024-07-07T00:00:00,12.45,0.0,60.0,98.71,39.2,0
2024-07-07T00:05:00,12.45,0.0,60.0,98.71,38.7,0
2024-07-07T00:10:00,12.39,0.0,60.0,98.71,38.1,0
2024-07-07T00:15:00,12.38,0.0,60.0,98.71,37.6,0
2024-07-07T00:20:00,12.32,0.0,60.0,98.71,37.0,0
2024-07-07T00:25:00,12.34,0.0,60.0,98.71,36.5,0
2024-07-07T00:30:00,12.36,0.0,60.0,98.71,35.9,0
2024-07-07T00:35:00,12.32,0.0,60.0,98.71,35.4,0
2024-07-07T00:40:00,12.27,0.0,60.0,98.71,34.8,0
2024-07-07T00:45:00,12.29,0.0,60.0,98.71,34.2,0
2024-07-07T00:50:00,12.22,0.0,60.0,98.71,33.7,0
2024-07-07T00:55:00,12.28,0.0,60.0,98.71,33.1,0
2024-07-07T01:00:00,12.26,0.0,60.0,98.71,32.6,0
2024-07-07T01:05:00,12.21,0.0,60.0,98.7,32.0,0
2024-07-07T01:10:00,12.15,0.0,60.0,98.7,31.5,0
2024-07-07T01:15:00,12.18,0.0,60.0,98.7,30.9,0
2024-07-07T01:20:00,12.12,0.0,60.0,98.7,30.4,0
2024-07-07T01:25:00,12.11,0.0,60.0,98.7,29.8,0
2024-07-07T01:30:00,12.1,0.0,60.0,98.7,29.3,0
2024-07-07T01:35:00,12.11,0.0,60.0,98.7,28.7,0
2024-07-07T01:40:00,12.1,0.0,60.0,98.7,28.2,0
2024-07-07T01:45:00,12.07,0.0,60.0,98.7,27.6,0
2024-07-07T01:50:00,12.03,0.0,60.0,98.7,27.0,0
2024-07-07T01:55:00,12.05,0.0,60.0,98.7,26.5,0
2024-07-07T02:00:00,12.05,0.0,60.0,98.7,25.9,0
2024-07-07T02:05:00,11.94,0.0,60.0,98.7,25.4,0
2024-07-07T02:10:00,11.98,0.0,60.0,98.69,24.8,0
2024-07-07T02:15:00,12.0,0.0,60.0,98.69,24.3,0
2024-07-07T02:20:00,11.94,0.0,60.0,98.69,23.8,0
2024-07-07T02:25:00,11.94,0.0,60.0,98.69,23.2,0
2024-07-07T02:30:00,11.94,0.0,60.0,98.69,22.7,0
2024-07-07T02:35:00,11.85,0.0,60.0,98.69,22.1,0
2024-07-07T02:40:00,11.82,0.0,60.0,98.69,21.6,0
2024-07-07T02:45:00,11.85,0.0,60.0,98.69,21.0,0
2024-07-07T02:50:00,11.85,0.0,60.0,98.69,20.4,0
2024-07-07T02:55:00,11.78,0.0,60.0,98.69,19.9,0
2024-07-07T03:00:00,11.85,0.0,60.0,98.69,19.4,0
2024-07-07T03:05:00,11.74,0.0,60.0,98.69,18.8,0
2024-07-07T03:10:00,11.77,0.0,60.0,98.69,18.2,0
2024-07-07T03:15:00,11.73,0.0,60.0,98.69,17.7,0
2024-07-07T03:20:00,11.75,0.0,60.0,98.68,17.1,0
2024-07-07T03:25:00,11.67,0.0,60.0,98.68,16.6,0
2024-07-07T03:30:00,11.71,0.0,60.0,98.68,16.0,0
2024-07-07T03:35:00,11.63,0.0,60.0,98.68,15.5,0
2024-07-07T03:40:00,11.69,0.0,60.0,98.68,14.9,0
2024-07-07T03:45:00,11.69,0.0,60.0,98.68,14.4,0
2024-07-07T03:50:00,11.64,0.0,60.0,98.68,13.8,0
2024-07-07T03:55:00,11.61,0.0,60.0,98.68,13.3,0
2024-07-07T04:00:00,11.52,0.0,60.0,98.68,12.7,0
2024-07-07T04:05:00,11.55,0.0,60.0,98.68,12.2,0
2024-07-07T04:10:00,11.53,0.0,60.0,98.68,11.6,0
2024-07-07T04:15:00,11.54,0.0,60.0,98.68,11.1,0
2024-07-07T04:20:00,11.53,0.0,60.0,98.68,10.5,0
2024-07-07T04:25:00,11.49,0.0,60.0,98.67,10.0,0
2024-07-07T04:30:00,11.48,0.0,60.0,98.67,10.0,0
2024-07-07T04:35:00,11.45,0.0,60.0,98.67,10.0,0
2024-07-07T04:40:00,11.54,0.0,60.0,98.67,10.0,0
2024-07-07T04:45:00,11.54,0.0,60.0,98.67,10.0,0
2024-07-07T04:50:00,11.47,0.0,60.0,98.67,10.0,0
2024-07-07T04:55:00,11.5,0.0,60.0,98.67,10.0,0
2024-07-07T05:00:00,11.56,0.0,60.0,98.67,10.0,0
2024-07-07T05:05:00,11.5,0.0,60.0,98.67,10.0,0
2024-07-07T05:10:00,11.52,0.0,60.0,98.67,10.0,0
2024-07-07T05:15:00,11.48,0.0,60.0,98.67,10.0,0
2024-07-07T05:20:00,11.5,0.0,60.0,98.67,10.0,0
2024-07-07T05:25:00,11.51,0.0,60.0,98.67,10.0,0
2024-07-07T05:30:00,11.54,0.0,60.0,98.67,10.0,0
2024-07-07T05:35:00,11.49,0.0,60.0,98.66,10.0,0
2024-07-07T05:40:00,11.48,0.0,60.0,98.66,10.0,0
2024-07-07T05:45:00,11.5,0.0,60.0,98.66,10.0,0
2024-07-07T05:50:00,11.5,0.0,60.0,98.66,10.0,0
2024-07-07T05:55:00,11.53,0.0,60.0,98.66,10.0,0
2024-07-07T06:00:00,11.46,0.0,60.0,98.66,10.0,0
2024-07-07T06:05:00,11.56,0.0,60.0,98.66,10.0,0
2024-07-07T06:10:00,11.51,0.0,60.0,98.66,10.0,0
2024-07-07T06:15:00,11.49,0.0,60.0,98.66,10.0,0
2024-07-07T06:20:00,11.47,0.0,60.0,98.66,10.0,0
2024-07-07T06:25:00,11.47,0.0,60.0,98.66,10.0,0
2024-07-07T06:30:00,11.48,0.0,60.0,98.66,10.0,0
2024-07-07T06:35:00,11.52,0.0,60.0,98.66,10.0,0
2024-07-07T06:40:00,11.44,0.0,60.0,98.65,10.0,0
2024-07-07T06:45:00,11.53,0.0,60.0,98.65,10.0,0
2024-07-07T06:50:00,11.52,0.0,60.0,98.65,10.0,0
2024-07-07T06:55:00,11.49,0.0,60.0,98.65,10.0,0
2024-07-07T07:00:00,11.48,0.0,60.0,98.65,10.0,0
2024-07-07T07:05:00,11.51,0.0,60.0,98.65,10.0,0
2024-07-07T07:10:00,11.51,0.0,60.0,98.65,10.0,0
2024-07-07T07:15:00,11.48,0.0,60.0,98.65,10.0,0
2024-07-07T07:20:00,11.48,0.0,60.0,98.65,10.0,0
2024-07-07T07:25:00,11.5,0.0,58.22,98.65,10.0,0
2024-07-07T07:30:00,11.48,0.0,55.68,98.65,10.0,0
2024-07-07T07:35:00,11.51,0.0,48.55,98.65,10.0,0
2024-07-07T07:40:00,11.5,0.0,43.68,98.65,10.0,0
2024-07-07T07:45:00,11.59,0.0,34.1,98.65,10.0,0
2024-07-07T07:50:00,11.49,0.0,30.27,98.64,10.0,0
2024-07-07T07:55:00,11.46,0.0,22.21,98.64,10.0,0
2024-07-07T08:00:00,11.44,40.0,0.0,98.64,10.7,1
2024-07-07T08:05:00,11.51,40.0,0.0,98.64,11.4,1
2024-07-07T08:10:00,11.6,40.0,0.0,98.64,12.2,1
2024-07-07T08:15:00,11.62,40.0,0.0,98.64,13.0,1
2024-07-07T08:20:00,11.66,40.0,0.0,98.64,13.9,1
2024-07-07T08:25:00,11.61,40.0,0.0,98.64,14.8,1
2024-07-07T08:30:00,11.65,40.0,0.0,98.64,15.7,1
2024-07-07T08:35:00,11.66,40.0,0.0,98.64,16.6,1
2024-07-07T08:40:00,11.71,40.0,0.0,98.64,17.6,1
2024-07-07T08:45:00,11.82,40.0,0.0,98.64,18.7,1
2024-07-07T08:50:00,11.76,40.0,0.0,98.64,19.7,1
2024-07-07T08:55:00,11.86,40.0,0.0,98.63,20.8,1
2024-07-07T09:00:00,11.93,40.0,0.0,98.63,21.9,1
2024-07-07T09:05:00,11.9,40.0,0.0,98.63,23.1,1
2024-07-07T09:10:00,11.96,40.0,0.0,98.63,24.3,1
2024-07-07T09:15:00,12.0,40.0,0.0,98.63,25.5,1
2024-07-07T09:20:00,12.01,40.0,0.0,98.63,26.7,1
2024-07-07T09:25:00,12.12,40.0,0.0,98.63,28.0,1
2024-07-07T09:30:00,12.13,40.0,0.0,98.63,29.3,1
2024-07-07T09:35:00,12.18,40.0,0.0,98.63,30.7,1
2024-07-07T09:40:00,12.25,40.0,0.0,98.63,32.1,1
2024-07-07T09:45:00,12.23,40.0,0.0,98.63,33.5,1
2024-07-07T09:50:00,12.32,40.0,0.0,98.63,34.9,1
2024-07-07T09:55:00,12.33,40.0,0.0,98.63,36.3,1
2024-07-07T10:00:00,12.38,40.0,0.0,98.62,37.8,1
2024-07-07T10:05:00,12.47,40.0,0.0,98.62,39.3,1
2024-07-07T10:10:00,12.52,40.0,0.0,98.62,40.9,1
2024-07-07T10:15:00,12.5,40.0,0.0,98.62,42.4,1
2024-07-07T10:20:00,12.55,40.0,0.0,98.62,44.0,1
2024-07-07T10:25:00,12.67,40.0,0.0,98.62,45.6,1
2024-07-07T10:30:00,12.68,40.0,0.0,98.62,47.2,1
2024-07-07T10:35:00,12.75,40.0,0.0,98.62,48.9,1
2024-07-07T10:40:00,12.82,40.0,0.0,98.62,50.5,1
2024-07-07T10:45:00,12.86,40.0,0.0,98.62,52.2,1
2024-07-07T10:50:00,12.88,40.0,0.0,98.62,53.9,1
2024-07-07T10:55:00,13.02,40.0,0.0,98.62,55.7,1
2024-07-07T11:00:00,12.97,40.0,0.0,98.62,57.4,1
2024-07-07T11:05:00,13.1,40.0,0.0,98.62,59.1,1
2024-07-07T11:10:00,13.13,40.0,0.0,98.61,60.9,1
2024-07-07T11:15:00,13.24,40.0,0.0,98.61,62.7,1
2024-07-07T11:20:00,13.24,40.0,0.0,98.61,64.5,1
2024-07-07T11:25:00,13.34,40.0,0.0,98.61,66.3,1
2024-07-07T11:30:00,13.39,40.0,0.0,98.61,68.1,1
2024-07-07T11:35:00,13.37,40.0,0.0,98.61,70.0,1
2024-07-07T11:40:00,13.45,40.0,0.0,98.61,71.8,1
2024-07-07T11:45:00,13.56,40.0,0.0,98.61,73.7,1
2024-07-07T11:50:00,13.56,40.0,0.0,98.61,75.6,1
2024-07-07T11:55:00,13.67,40.0,0.0,98.61,77.4,1
2024-07-07T12:00:00,13.74,40.0,0.0,98.61,79.3,1
2024-07-07T12:05:00,13.81,40.0,0.0,98.61,81.1,1
2024-07-07T12:10:00,13.83,40.0,0.0,98.61,83.0,1
2024-07-07T12:15:00,13.95,40.0,0.0,98.6,84.9,1
2024-07-07T12:20:00,14.01,40.0,0.0,98.6,86.8,1
2024-07-07T12:25:00,14.02,40.0,0.0,98.6,88.7,1
2024-07-07T12:30:00,14.09,40.0,0.0,98.6,90.6,1
2024-07-07T12:35:00,14.17,40.0,0.0,98.6,92.5,1
2024-07-07T12:40:00,14.26,40.0,0.0,98.6,94.4,1
2024-07-07T12:45:00,14.2,40.0,0.0,98.6,96.3,1
2024-07-07T12:50:00,14.4,40.0,0.0,98.6,98.2,1
2024-07-07T12:55:00,14.42,40.0,0.0,98.6,100.0,1
2024-07-07T13:00:00,14.46,40.0,0.0,98.6,100.0,1
2024-07-07T13:05:00,14.42,40.0,0.0,98.6,100.0,1
2024-07-07T13:10:00,14.38,40.0,0.0,98.6,100.0,1
2024-07-07T13:15:00,14.39,40.0,0.0,98.6,100.0,1
2024-07-07T13:20:00,14.46,40.0,0.0,98.6,100.0,1
2024-07-07T13:25:00,14.41,40.0,0.0,98.59,100.0,1
2024-07-07T13:30:00,14.4,40.0,0.0,98.59,100.0,1
2024-07-07T13:35:00,14.38,40.0,0.0,98.59,100.0,1
2024-07-07T13:40:00,14.39,40.0,0.0,98.59,100.0,1
2024-07-07T13:45:00,14.4,40.0,0.0,98.59,100.0,1
2024-07-07T13:50:00,14.38,40.0,0.0,98.59,100.0,1
2024-07-07T13:55:00,14.4,40.0,0.0,98.59,100.0,1
2024-07-07T14:00:00,14.43,40.0,0.0,98.59,100.0,1
2024-07-07T14:05:00,14.37,40.0,0.0,98.59,100.0,1
2024-07-07T14:10:00,14.44,40.0,0.0,98.59,100.0,1
2024-07-07T14:15:00,14.42,40.0,0.0,98.59,100.0,1
2024-07-07T14:20:00,14.44,40.0,0.0,98.59,100.0,1
2024-07-07T14:25:00,14.36,40.0,0.0,98.59,100.0,1
2024-07-07T14:30:00,14.39,40.0,0.0,98.58,100.0,1
2024-07-07T14:35:00,14.39,40.0,0.0,98.58,100.0,1
2024-07-07T14:40:00,14.45,40.0,0.0,98.58,100.0,1
2024-07-07T14:45:00,14.38,40.0,0.0,98.58,100.0,1
2024-07-07T14:50:00,14.39,40.0,0.0,98.58,100.0,1
2024-07-07T14:55:00,14.38,40.0,0.0,98.58,100.0,1
2024-07-07T15:00:00,14.41,40.0,0.0,98.58,100.0,1
2024-07-07T15:05:00,14.42,40.0,0.0,98.58,100.0,1
2024-07-07T15:10:00,14.36,40.0,0.0,98.58,100.0,1
2024-07-07T15:15:00,14.41,40.0,0.0,98.58,100.0,1
2024-07-07T15:20:00,14.4,40.0,0.0,98.58,100.0,1
2024-07-07T15:25:00,14.38,40.0,0.0,98.58,100.0,1
2024-07-07T15:30:00,14.34,40.0,0.0,98.58,100.0,1
2024-07-07T15:35:00,14.38,40.0,0.0,98.58,100.0,1
2024-07-07T15:40:00,14.38,40.0,0.0,98.57,100.0,1
2024-07-07T15:45:00,14.38,40.0,0.0,98.57,100.0,1
2024-07-07T15:50:00,14.35,40.0,0.0,98.57,100.0,1
2024-07-07T15:55:00,14.43,40.0,0.0,98.57,100.0,1
2024-07-07T16:00:00,14.43,40.0,0.0,98.57,100.0,1
2024-07-07T16:05:00,14.39,40.0,0.0,98.57,100.0,1
2024-07-07T16:10:00,14.37,40.0,0.0,98.57,100.0,1
2024-07-07T16:15:00,14.43,40.0,0.0,98.57,100.0,1
2024-07-07T16:20:00,14.39,40.0,0.0,98.57,100.0,1
2024-07-07T16:25:00,14.4,40.0,0.0,98.57,100.0,1
2024-07-07T16:30:00,14.36,40.0,0.0,98.57,100.0,1
2024-07-07T16:35:00,14.46,40.0,0.0,98.57,100.0,1
2024-07-07T16:40:00,14.37,40.0,0.0,98.57,100.0,1
2024-07-07T16:45:00,14.41,39.23,0.0,98.56,100.0,1
2024-07-07T16:50:00,14.4,35.78,0.0,98.56,100.0,1
2024-07-07T16:55:00,14.41,31.49,0.0,98.56,100.0,1
2024-07-07T17:00:00,14.35,25.5,0.0,98.56,100.0,1
2024-07-07T17:05:00,14.36,19.97,0.0,98.56,100.0,1
2024-07-07T17:10:00,14.43,17.5,0.0,98.56,100.0,1
2024-07-07T17:15:00,14.37,11.63,0.0,98.56,100.0,1
2024-07-07T17:20:00,14.42,7.55,0.0,98.56,100.0,1
2024-07-07T17:25:00,14.37,3.22,0.0,98.56,100.0,1
2024-07-07T17:30:00,14.39,0.0,0.62,98.56,100.0,0
2024-07-07T17:35:00,14.37,0.0,5.69,98.56,99.9,0
2024-07-07T17:40:00,14.41,0.0,11.31,98.56,99.9,0
2024-07-07T17:45:00,14.43,0.0,13.04,98.56,99.8,0
2024-07-07T17:50:00,14.38,0.0,21.13,98.56,99.6,0
2024-07-07T17:55:00,14.43,0.0,22.13,98.55,99.4,0
2024-07-07T18:00:00,14.35,0.0,28.91,98.55,99.2,0
2024-07-07T18:05:00,14.32,0.0,32.08,98.55,98.9,0
2024-07-07T18:10:00,14.36,0.0,36.41,98.55,98.6,0
2024-07-07T18:15:00,14.34,0.0,40.88,98.55,98.3,0
2024-07-07T18:20:00,14.33,0.0,43.03,98.55,98.0,0
2024-07-07T18:25:00,14.25,0.0,48.91,98.55,97.6,0
2024-07-07T18:30:00,14.24,0.0,53.19,98.55,97.2,0
2024-07-07T18:35:00,14.33,0.0,58.42,98.55,96.7,0
2024-07-07T18:40:00,14.27,0.0,60.0,98.55,96.2,0
2024-07-07T18:45:00,14.26,0.0,60.0,98.55,95.7,0
2024-07-07T18:50:00,14.28,0.0,60.0,98.55,95.2,0
2024-07-07T18:55:00,14.22,0.0,60.0,98.55,94.6,0
2024-07-07T19:00:00,14.24,0.0,60.0,98.54,94.0,0
2024-07-07T19:05:00,14.18,0.0,60.0,98.54,93.4,0
2024-07-07T19:10:00,14.2,0.0,60.0,98.54,92.7,0
2024-07-07T19:15:00,14.16,0.0,60.0,98.54,92.1,0
2024-07-07T19:20:00,14.16,0.0,60.0,98.54,91.4,0
2024-07-07T19:25:00,14.11,0.0,60.0,98.54,90.7,0
2024-07-07T19:30:00,14.06,0.0,60.0,98.54,89.9,0
2024-07-07T19:35:00,14.06,0.0,60.0,98.54,89.2,0
2024-07-07T19:40:00,14.06,0.0,60.0,98.54,88.5,0
2024-07-07T19:45:00,13.96,0.0,60.0,98.54,87.8,0
2024-07-07T19:50:00,13.99,0.0,60.0,98.54,87.1,0
2024-07-07T19:55:00,13.98,0.0,60.0,98.54,86.4,0
2024-07-07T20:00:00,13.9,0.0,60.0,98.54,84.8,0
2024-07-07T20:05:00,13.83,0.0,60.0,98.53,83.2,0
2024-07-07T20:10:00,13.77,0.0,60.0,98.53,81.7,0
2024-07-07T20:15:00,13.77,0.0,60.0,98.53,80.1,0
2024-07-07T20:20:00,13.72,0.0,60.0,98.53,78.6,0
2024-07-07T20:25:00,13.66,0.0,60.0,98.53,77.0,0
2024-07-07T20:30:00,13.67,0.0,60.0,98.53,75.5,0
2024-07-07T20:35:00,13.58,0.0,60.0,98.53,73.9,0
2024-07-07T20:40:00,13.47,0.0,60.0,98.53,72.4,0
2024-07-07T20:45:00,13.48,0.0,60.0,98.53,70.8,0
2024-07-07T20:50:00,13.37,0.0,60.0,98.53,69.3,0
2024-07-07T20:55:00,13.32,0.0,60.0,98.53,67.7,0
2024-07-07T21:00:00,13.35,0.0,60.0,98.53,67.0,0
2024-07-07T21:05:00,13.31,0.0,60.0,98.53,66.3,0
2024-07-07T21:10:00,13.29,0.0,60.0,98.53,65.5,0
2024-07-07T21:15:00,13.26,0.0,60.0,98.52,64.8,0
2024-07-07T21:20:00,13.2,0.0,60.0,98.52,64.1,0
2024-07-07T21:25:00,13.2,0.0,60.0,98.52,63.4,0
2024-07-07T21:30:00,13.14,0.0,60.0,98.52,62.7,0
2024-07-07T21:35:00,13.21,0.0,60.0,98.52,62.0,0
2024-07-07T21:40:00,13.16,0.0,60.0,98.52,61.2,0
2024-07-07T21:45:00,13.16,0.0,60.0,98.52,60.5,0
2024-07-07T21:50:00,13.12,0.0,60.0,98.52,59.8,0
2024-07-07T21:55:00,13.06,0.0,60.0,98.52,59.1,0
2024-07-07T22:00:00,13.02,0.0,60.0,98.52,58.0,0
2024-07-07T22:05:00,13.0,0.0,60.0,98.52,57.0,0
2024-07-07T22:10:00,13.0,0.0,60.0,98.52,55.9,0
2024-07-07T22:15:00,12.94,0.0,60.0,98.52,54.9,0
2024-07-07T22:20:00,12.91,0.0,60.0,98.51,53.8,0
2024-07-07T22:25:00,12.9,0.0,60.0,98.51,52.8,0
2024-07-07T22:30:00,12.79,0.0,60.0,98.51,51.7,0
2024-07-07T22:35:00,12.84,0.0,60.0,98.51,50.7,0
2024-07-07T22:40:00,12.8,0.0,60.0,98.51,49.6,0
2024-07-07T22:45:00,12.75,0.0,60.0,98.51,48.6,0
2024-07-07T22:50:00,12.71,0.0,60.0,98.51,47.5,0
2024-07-07T22:55:00,12.73,0.0,60.0,98.51,46.5,0
2024-07-07T23:00:00,12.63,0.0,60.0,98.51,45.9,0
2024-07-07T23:05:00,12.65,0.0,60.0,98.51,45.4,0
2024-07-07T23:10:00,12.59,0.0,60.0,98.51,44.8,0
2024-07-07T23:15:00,12.63,0.0,60.0,98.51,44.2,0
2024-07-07T23:20:00,12.63,0.0,60.0,98.51,43.7,0
2024-07-07T23:25:00,12.6,0.0,60.0,98.51,43.1,0
2024-07-07T23:30:00,12.57,0.0,60.0,98.5,42.6,0
2024-07-07T23:35:00,12.54,0.0,60.0,98.5,42.0,0
2024-07-07T23:40:00,12.49,0.0,60.0,98.5,41.5,0
2024-07-07T23:45:00,12.5,0.0,60.0,98.5,40.9,0
2024-07-07T23:50:00,12.51,0.0,60.0,98.5,40.4,0
2024-07-07T23:55:00,12.4,0.0,60.0,98.5,39.8,0
