timestamp,pv_input_voltage,pv_input_current_for_battery,pv_input_power,battery_voltage_from_scc,is_scc_charging_on
2024-07-01T00:00:00,0.0,0.0,0.0,0.0,0
2024-07-01T00:05:00,0.0,0.0,0.0,0.0,0
2024-07-01T00:10:00,80.12,0.21,16.6,13.16,0
2024-07-01T00:15:00,0.0,0.0,0.0,0.0,0
2024-07-01T00:20:00,0.0,0.0,6.2,0.0,0
2024-07-01T00:25:00,0.0,0.0,0.0,0.0,0
2024-07-01T00:30:00,0.0,0.0,0.0,0.0,0
2024-07-01T00:35:00,0.0,0.0,7.9,0.0,0
2024-07-01T00:40:00,0.0,0.0,5.5,0.0,0
2024-07-01T00:45:00,0.0,0.0,0.0,0.0,0
2024-07-01T00:50:00,0.0,0.0,0.0,0.0,0
2024-07-01T00:55:00,79.88,0.17,13.6,13.17,0
2024-07-01T01:00:00,0.0,0.0,0.0,0.0,0
2024-07-01T01:05:00,0.0,0.0,0.1,0.0,0
2024-07-01T01:10:00,0.0,0.0,7.1,0.0,0
2024-07-01T01:15:00,80.19,0.3,24.3,13.11,1
2024-07-01T01:20:00,0.0,0.0,0.0,0.0,0
2024-07-01T01:25:00,0.0,0.0,0.0,0.0,0
2024-07-01T01:30:00,0.0,0.0,0.0,0.0,0
2024-07-01T01:35:00,0.0,0.0,5.2,0.0,0
2024-07-01T01:40:00,0.0,0.0,0.0,0.0,0
2024-07-01T01:45:00,0.0,0.0,0.0,0.0,0
2024-07-01T01:50:00,0.0,0.0,0.0,0.0,0
2024-07-01T01:55:00,0.0,0.0,0.0,0.0,0
2024-07-01T02:00:00,0.0,0.0,8.0,0.0,0
2024-07-01T02:05:00,0.0,0.0,0.0,0.0,0
2024-07-01T02:10:00,80.02,0.37,29.4,13.22,1
2024-07-01T02:15:00,0.0,0.0,0.0,0.0,0
2024-07-01T02:20:00,79.39,0.29,22.8,13.24,1
2024-07-01T02:25:00,79.8,0.29,22.8,13.23,1
2024-07-01T02:30:00,0.0,0.0,0.0,0.0,0
2024-07-01T02:35:00,0.0,0.0,2.8,0.0,0
2024-07-01T02:40:00,0.0,0.0,5.3,0.0,0
2024-07-01T02:45:00,0.0,0.0,0.0,0.0,0
2024-07-01T02:50:00,0.0,0.0,0.3,0.0,0
2024-07-01T02:55:00,0.0,0.0,3.8,0.0,0
2024-07-01T03:00:00,81.24,0.16,13.4,13.21,0
2024-07-01T03:05:00,0.0,0.0,0.0,0.0,0
2024-07-01T03:10:00,0.0,0.0,0.0,0.0,0
2024-07-01T03:15:00,0.0,0.0,0.0,0.0,0
2024-07-01T03:20:00,0.0,0.0,0.0,0.0,0
2024-07-01T03:25:00,79.85,0.21,17.0,13.26,0
2024-07-01T03:30:00,81.31,0.51,41.1,13.19,1
2024-07-01T03:35:00,79.17,0.29,22.6,13.17,1
2024-07-01T03:40:00,80.28,0.14,11.0,13.13,0
2024-07-01T03:45:00,0.0,0.0,0.0,0.0,0
2024-07-01T03:50:00,0.0,0.0,0.0,0.0,0
2024-07-01T03:55:00,79.65,0.47,37.1,13.21,1
2024-07-01T04:00:00,80.43,0.13,10.3,13.18,0
2024-07-01T04:05:00,0.0,0.0,4.8,0.0,0
2024-07-01T04:10:00,79.69,0.27,21.6,13.21,1
2024-07-01T04:15:00,0.0,0.0,0.0,0.0,0
2024-07-01T04:20:00,0.0,0.0,0.0,0.0,0
2024-07-01T04:25:00,0.0,0.0,0.0,0.0,0
2024-07-01T04:30:00,0.0,0.0,0.0,0.0,0
2024-07-01T04:35:00,0.0,0.0,8.0,0.0,0
2024-07-01T04:40:00,0.0,0.0,8.4,0.0,0
2024-07-01T04:45:00,0.0,0.0,0.0,0.0,0
2024-07-01T04:50:00,80.46,0.32,25.4,13.31,1
2024-07-01T04:55:00,0.0,0.0,0.0,0.0,0
2024-07-01T05:00:00,80.09,0.32,25.8,13.14,1
2024-07-01T05:05:00,80.72,0.25,20.0,13.16,0
2024-07-01T05:10:00,0.0,0.0,2.3,0.0,0
2024-07-01T05:15:00,0.0,0.0,0.0,0.0,0
2024-07-01T05:20:00,79.98,0.14,11.0,13.22,0
2024-07-01T05:25:00,0.0,0.0,2.1,0.0,0
2024-07-01T05:30:00,0.0,0.0,7.0,0.0,0
2024-07-01T05:35:00,80.11,0.17,13.7,13.22,0
2024-07-01T05:40:00,0.0,0.0,0.0,0.0,0
2024-07-01T05:45:00,0.0,0.0,0.0,0.0,0
2024-07-01T05:50:00,0.0,0.0,0.7,0.0,0
2024-07-01T05:55:00,0.0,0.0,0.0,0.0,0
2024-07-01T06:00:00,81.73,2.67,218.4,13.32,1
2024-07-01T06:05:00,82.9,3.29,272.9,13.29,1
2024-07-01T06:10:00,82.75,3.87,320.4,13.34,1
2024-07-01T06:15:00,83.14,4.38,364.1,13.31,1
2024-07-01T06:20:00,84.96,4.87,413.9,13.35,1
2024-07-01T06:25:00,84.9,5.46,463.7,13.34,1
2024-07-01T06:30:00,85.28,6.23,531.5,13.32,1
2024-07-01T06:35:00,85.85,6.71,575.8,13.39,1
2024-07-01T06:40:00,86.14,7.55,650.0,13.43,1
2024-07-01T06:45:00,86.46,8.03,694.5,13.39,1
2024-07-01T06:50:00,86.78,9.21,799.0,13.43,1
2024-07-01T06:55:00,87.98,9.68,851.7,13.48,1
2024-07-01T07:00:00,88.51,10.06,890.6,13.54,1
2024-07-01T07:05:00,89.62,11.05,989.9,13.48,1
2024-07-01T07:10:00,89.9,11.27,1013.4,13.51,1
2024-07-01T07:15:00,90.0,12.15,1093.6,13.44,1
2024-07-01T07:20:00,91.73,12.73,1168.0,13.66,1
2024-07-01T07:25:00,91.28,13.48,1230.6,13.52,1
2024-07-01T07:30:00,91.78,14.01,1286.2,13.53,1
2024-07-01T07:35:00,92.98,14.25,1324.8,13.43,1
2024-07-01T07:40:00,92.33,15.04,1388.5,13.56,1
2024-07-01T07:45:00,94.94,15.72,1492.4,13.59,1
2024-07-01T07:50:00,94.19,16.72,1574.5,13.62,1
2024-07-01T07:55:00,94.8,16.92,1604.3,13.69,1
2024-07-01T08:00:00,95.76,17.25,1651.6,13.71,1
2024-07-01T08:05:00,96.49,18.09,1745.5,13.68,1
2024-07-01T08:10:00,96.98,18.39,1783.7,13.81,1
2024-07-01T08:15:00,97.34,19.26,1874.3,13.81,1
2024-07-01T08:20:00,98.64,19.5,1923.9,13.65,1
2024-07-01T08:25:00,98.44,20.32,2000.5,13.82,1
2024-07-01T08:30:00,100.39,20.38,2046.2,13.86,1
2024-07-01T08:35:00,100.41,21.16,2124.3,13.76,1
2024-07-01T08:40:00,100.82,21.39,2156.5,13.85,1
2024-07-01T08:45:00,101.14,21.96,2221.3,13.89,1
2024-07-01T08:50:00,101.8,22.78,2318.6,13.8,1
2024-07-01T08:55:00,102.49,22.94,2351.5,13.81,1
2024-07-01T09:00:00,103.0,23.74,2445.4,13.89,1
2024-07-01T09:05:00,104.29,23.78,2480.1,13.88,1
2024-07-01T09:10:00,104.59,24.33,2545.2,13.92,1
2024-07-01T09:15:00,104.73,24.77,2594.3,14.07,1
2024-07-01T09:20:00,104.74,25.43,2663.5,13.91,1
2024-07-01T09:25:00,106.59,25.43,2710.9,13.98,1
2024-07-01T09:30:00,106.49,25.82,2750.0,14.04,1
2024-07-01T09:35:00,107.6,26.11,2809.3,14.0,1
2024-07-01T09:40:00,107.55,26.49,2849.0,14.01,1
2024-07-01T09:45:00,107.31,27.1,2908.2,14.03,1
2024-07-01T09:50:00,108.33,27.11,2936.9,13.98,1
2024-07-01T09:55:00,108.78,27.8,3024.5,14.14,1
2024-07-01T10:00:00,108.9,28.28,3079.2,14.06,1
2024-07-01T10:05:00,110.73,28.18,3120.3,14.13,1
2024-07-01T10:10:00,109.89,28.42,3123.5,14.15,1
2024-07-01T10:15:00,111.14,28.81,3202.0,14.14,1
2024-07-01T10:20:00,111.25,29.12,3239.0,14.14,1
2024-07-01T10:25:00,110.66,29.68,3284.1,14.19,1
2024-07-01T10:30:00,111.54,29.59,3300.8,14.11,1
2024-07-01T10:35:00,112.36,29.96,3366.5,14.09,1
2024-07-01T10:40:00,113.05,30.06,3398.3,14.27,1
2024-07-01T10:45:00,113.32,30.18,3420.2,14.23,1
2024-07-01T10:50:00,112.59,30.88,3477.0,14.18,1
2024-07-01T10:55:00,113.24,31.04,3515.2,14.25,1
2024-07-01T11:00:00,113.62,31.24,3549.2,14.28,1
2024-07-01T11:05:00,113.82,31.16,3546.0,14.12,1
2024-07-01T11:10:00,114.75,31.09,3567.5,14.22,1
2024-07-01T11:15:00,114.51,31.55,3612.3,14.23,1
2024-07-01T11:20:00,115.22,31.55,3635.3,14.2,1
2024-07-01T11:25:00,115.07,31.65,3642.4,14.25,1
2024-07-01T11:30:00,114.41,32.13,3675.9,14.19,1
2024-07-01T11:35:00,115.13,32.32,3721.2,14.28,1
2024-07-01T11:40:00,114.52,32.26,3694.8,14.3,1
2024-07-01T11:45:00,115.5,32.08,3705.2,14.25,1
2024-07-01T11:50:00,115.47,32.46,3747.6,14.25,1
2024-07-01T11:55:00,115.6,32.52,3759.7,14.25,1
2024-07-01T12:00:00,115.21,32.58,3753.9,14.2,1
2024-07-01T12:05:00,116.5,32.29,3762.1,14.33,1
2024-07-01T12:10:00,116.26,32.47,3775.3,14.28,1
2024-07-01T12:15:00,116.87,32.45,3792.2,14.34,1
2024-07-01T12:20:00,115.93,32.78,3800.1,14.3,1
2024-07-01T12:25:00,116.47,32.59,3795.6,14.32,1
2024-07-01T12:30:00,115.86,32.78,3798.0,14.26,1
2024-07-01T12:35:00,115.39,32.73,3776.8,14.27,1
2024-07-01T12:40:00,116.55,32.67,3808.0,14.26,1
2024-07-01T12:45:00,117.01,32.46,3798.3,14.27,1
2024-07-01T12:50:00,115.45,32.82,3789.5,14.23,1
2024-07-01T12:55:00,115.69,32.6,3770.8,14.3,1
2024-07-01T13:00:00,116.09,32.43,3764.9,14.3,1
2024-07-01T13:05:00,117.1,32.18,3767.9,14.29,1
2024-07-01T13:10:00,116.46,32.36,3768.7,14.28,1
2024-07-01T13:15:00,115.53,32.43,3747.1,14.3,1
2024-07-01T13:20:00,115.5,32.26,3726.3,14.25,1
2024-07-01T13:25:00,115.12,32.14,3699.4,14.26,1
2024-07-01T13:30:00,115.63,31.64,3658.5,14.22,1
2024-07-01T13:35:00,115.0,31.74,3650.0,14.27,1
2024-07-01T13:40:00,114.73,31.91,3661.0,14.29,1
2024-07-01T13:45:00,114.65,31.33,3591.5,14.17,1
2024-07-01T13:50:00,114.02,31.52,3594.0,14.16,1
2024-07-01T13:55:00,113.3,31.25,3540.5,14.23,1
2024-07-01T14:00:00,114.75,30.72,3525.5,14.19,1
2024-07-01T14:05:00,113.43,30.94,3509.4,14.23,1
2024-07-01T14:10:00,113.67,30.47,3463.4,14.15,1
2024-07-01T14:15:00,112.91,30.48,3441.2,14.22,1
2024-07-01T14:20:00,112.7,30.02,3382.6,14.19,1
2024-07-01T14:25:00,112.68,29.92,3371.4,14.11,1
2024-07-01T14:30:00,112.01,29.59,3313.8,14.13,1
2024-07-01T14:35:00,110.97,29.54,3277.6,14.21,1
2024-07-01T14:40:00,111.12,29.13,3237.1,14.01,1
2024-07-01T14:45:00,111.48,28.8,3210.6,14.09,1
2024-07-01T14:50:00,109.45,28.66,3137.4,14.18,1
2024-07-01T14:55:00,109.45,28.28,3095.5,14.09,1
2024-07-01T15:00:00,109.02,27.96,3048.1,14.11,1
2024-07-01T15:05:00,109.56,27.61,3024.9,14.04,1
2024-07-01T15:10:00,108.89,27.3,2972.7,14.04,1
2024-07-01T15:15:00,107.71,27.24,2934.3,14.08,1
2024-07-01T15:20:00,107.26,26.82,2876.5,14.02,1
2024-07-01T15:25:00,107.35,26.27,2819.7,13.95,1
2024-07-01T15:30:00,106.29,26.17,2782.1,14.0,1
2024-07-01T15:35:00,106.49,25.36,2700.9,13.95,1
2024-07-01T15:40:00,104.46,25.32,2645.3,13.96,1
2024-07-01T15:45:00,104.61,24.63,2576.6,13.96,1
2024-07-01T15:50:00,104.65,24.32,2545.1,13.95,1
2024-07-01T15:55:00,103.14,24.0,2475.6,13.92,1
2024-07-01T16:00:00,102.79,23.63,2428.8,13.92,1
2024-07-01T16:05:00,102.51,23.17,2375.4,13.85,1
2024-07-01T16:10:00,101.86,22.74,2316.3,13.9,1
2024-07-01T16:15:00,100.69,21.79,2194.3,13.81,1
2024-07-01T16:20:00,101.41,21.51,2181.0,13.82,1
2024-07-01T16:25:00,100.66,21.1,2123.4,13.84,1
2024-07-01T16:30:00,99.78,20.52,2047.6,13.78,1
2024-07-01T16:35:00,98.9,20.09,1986.6,13.79,1
2024-07-01T16:40:00,98.94,19.68,1947.2,13.75,1
2024-07-01T16:45:00,97.7,19.25,1880.8,13.78,1
2024-07-01T16:50:00,97.71,18.31,1789.2,13.71,1
2024-07-01T16:55:00,95.92,18.05,1731.0,13.75,1
2024-07-01T17:00:00,96.05,17.44,1674.9,13.72,1
2024-07-01T17:05:00,95.71,16.66,1594.9,13.67,1
2024-07-01T17:10:00,94.42,16.43,1551.0,13.58,1
2024-07-01T17:15:00,94.83,15.75,1493.5,13.65,1
2024-07-01T17:20:00,94.04,15.12,1421.7,13.52,1
2024-07-01T17:25:00,92.52,14.59,1349.8,13.51,1
2024-07-01T17:30:00,92.01,13.71,1261.9,13.5,1
2024-07-01T17:35:00,92.3,13.26,1223.6,13.45,1
2024-07-01T17:40:00,91.14,12.43,1133.2,13.57,1
2024-07-01T17:45:00,88.89,12.07,1073.0,13.55,1
2024-07-01T17:50:00,89.89,11.6,1043.1,13.4,1
2024-07-01T17:55:00,88.59,10.89,965.0,13.46,1
2024-07-01T18:00:00,89.03,10.38,924.6,13.4,1
2024-07-01T18:05:00,87.78,9.51,834.8,13.45,1
2024-07-01T18:10:00,87.24,8.81,768.3,13.37,1
2024-07-01T18:15:00,87.05,8.07,702.5,13.4,1
2024-07-01T18:20:00,86.36,7.67,662.1,13.37,1
2024-07-01T18:25:00,85.72,7.1,608.2,13.47,1
2024-07-01T18:30:00,85.41,6.31,538.6,13.32,1
2024-07-01T18:35:00,84.59,5.19,438.7,13.33,1
2024-07-01T18:40:00,84.27,5.19,437.5,13.36,1
2024-07-01T18:45:00,84.55,4.29,362.7,13.31,1
2024-07-01T18:50:00,83.31,3.79,315.9,13.13,1
2024-07-01T18:55:00,82.23,3.55,292.2,13.23,1
2024-07-01T19:00:00,81.85,2.4,196.5,13.19,1
2024-07-01T19:05:00,80.9,2.36,191.1,13.14,1
2024-07-01T19:10:00,81.47,1.67,136.2,13.26,1
2024-07-01T19:15:00,81.14,0.75,60.6,13.28,1
2024-07-01T19:20:00,79.03,0.49,38.4,13.13,1
2024-07-01T19:25:00,0.0,0.0,7.8,0.0,0
2024-07-01T19:30:00,0.0,0.0,0.0,0.0,0
2024-07-01T19:35:00,0.0,0.0,6.5,0.0,0
2024-07-01T19:40:00,0.0,0.0,0.0,0.0,0
2024-07-01T19:45:00,0.0,0.0,6.0,0.0,0
2024-07-01T19:50:00,0.0,0.0,7.7,0.0,0
2024-07-01T19:55:00,79.99,0.25,19.9,13.18,0
2024-07-01T20:00:00,0.0,0.0,0.0,0.0,0
2024-07-01T20:05:00,0.0,0.0,5.6,0.0,0
2024-07-01T20:10:00,0.0,0.0,0.0,0.0,0
2024-07-01T20:15:00,0.0,0.0,0.0,0.0,0
2024-07-01T20:20:00,79.64,0.24,18.9,13.21,0
2024-07-01T20:25:00,0.0,0.0,9.6,0.0,0
2024-07-01T20:30:00,79.81,0.15,11.7,13.15,0
2024-07-01T20:35:00,0.0,0.0,0.0,0.0,0
2024-07-01T20:40:00,0.0,0.0,5.0,0.0,0
2024-07-01T20:45:00,0.0,0.0,3.1,0.0,0
2024-07-01T20:50:00,79.58,0.2,15.8,13.27,0
2024-07-01T20:55:00,0.0,0.0,2.7,0.0,0
2024-07-01T21:00:00,0.0,0.0,3.1,0.0,0
2024-07-01T21:05:00,0.0,0.0,0.0,0.0,0
2024-07-01T21:10:00,80.12,0.28,22.7,13.23,1
2024-07-01T21:15:00,0.0,0.0,0.0,0.0,0
2024-07-01T21:20:00,0.0,0.0,0.0,0.0,0
2024-07-01T21:25:00,0.0,0.0,0.0,0.0,0
2024-07-01T21:30:00,0.0,0.0,0.0,0.0,0
2024-07-01T21:35:00,0.0,0.0,0.0,0.0,0
2024-07-01T21:40:00,0.0,0.0,2.8,0.0,0
2024-07-01T21:45:00,0.0,0.0,9.9,0.0,0
2024-07-01T21:50:00,80.29,0.17,13.5,13.25,0
2024-07-01T21:55:00,0.0,0.0,9.5,0.0,0
2024-07-01T22:00:00,0.0,0.0,2.8,0.0,0
2024-07-01T22:05:00,0.0,0.0,5.5,0.0,0
2024-07-01T22:10:00,0.0,0.0,1.8,0.0,0
2024-07-01T22:15:00,0.0,0.0,4.3,0.0,0
2024-07-01T22:20:00,0.0,0.0,0.0,0.0,0
2024-07-01T22:25:00,0.0,0.0,0.0,0.0,0
2024-07-01T22:30:00,79.71,0.2,16.3,13.25,0
2024-07-01T22:35:00,0.0,0.0,0.0,0.0,0
2024-07-01T22:40:00,0.0,0.0,0.0,0.0,0
2024-07-01T22:45:00,0.0,0.0,0.0,0.0,0
2024-07-01T22:50:00,0.0,0.0,0.0,0.0,0
2024-07-01T22:55:00,0.0,0.0,0.0,0.0,0
2024-07-01T23:00:00,0.0,0.0,0.0,0.0,0
2024-07-01T23:05:00,0.0,0.0,0.0,0.0,0
2024-07-01T23:10:00,0.0,0.0,2.4,0.0,0
2024-07-01T23:15:00,80.22,0.29,23.0,13.23,1
2024-07-01T23:20:00,0.0,0.0,0.0,0.0,0
2024-07-01T23:25:00,80.23,0.17,13.9,13.28,0
2024-07-01T23:30:00,0.0,0.0,2.2,0.0,0
2024-07-01T23:35:00,80.18,0.33,26.2,13.19,1
2024-07-01T23:40:00,0.0,0.0,7.1,0.0,0
2024-07-01T23:45:00,80.39,0.32,25.8,13.26,1
2024-07-01T23:50:00,0.0,0.0,0.3,0.0,0
2024-07-01T23:55:00,0.0,0.0,0.0,0.0,0
2024-07-02T00:00:00,0.0,0.0,2.9,0.0,0
2024-07-02T00:05:00,79.88,0.15,11.7,13.23,0
2024-07-02T00:10:00,0.0,0.0,0.0,0.0,0
2024-07-02T00:15:00,0.0,0.0,0.0,0.0,0
2024-07-02T00:20:00,0.0,0.0,0.0,0.0,0
2024-07-02T00:25:00,0.0,0.0,0.0,0.0,0
2024-07-02T00:30:00,0.0,0.0,0.0,0.0,0
2024-07-02T00:35:00,0.0,0.0,6.8,0.0,0
2024-07-02T00:40:00,0.0,0.0,1.7,0.0,0
2024-07-02T00:45:00,80.44,0.29,23.1,13.24,1
2024-07-02T00:50:00,0.0,0.0,0.0,0.0,0
2024-07-02T00:55:00,80.05,0.2,16.2,13.18,0
2024-07-02T01:00:00,0.0,0.0,0.0,0.0,0
2024-07-02T01:05:00,0.0,0.0,7.0,0.0,0
2024-07-02T01:10:00,80.16,0.28,22.1,13.18,1
2024-07-02T01:15:00,0.0,0.0,0.0,0.0,0
2024-07-02T01:20:00,80.75,0.26,21.4,13.28,1
2024-07-02T01:25:00,0.0,0.0,0.0,0.0,0
2024-07-02T01:30:00,0.0,0.0,0.0,0.0,0
2024-07-02T01:35:00,0.0,0.0,0.0,0.0,0
2024-07-02T01:40:00,0.0,0.0,2.3,0.0,0
2024-07-02T01:45:00,81.03,0.36,29.1,13.19,1
2024-07-02T01:50:00,0.0,0.0,0.3,0.0,0
2024-07-02T01:55:00,0.0,0.0,2.9,0.0,0
2024-07-02T02:00:00,80.0,0.23,18.5,13.19,0
2024-07-02T02:05:00,0.0,0.0,0.0,0.0,0
2024-07-02T02:10:00,0.0,0.0,0.0,0.0,0
2024-07-02T02:15:00,80.32,0.17,14.0,13.22,0
2024-07-02T02:20:00,79.8,0.24,19.0,13.12,0
2024-07-02T02:25:00,0.0,0.0,1.1,0.0,0
2024-07-02T02:30:00,0.0,0.0,7.3,0.0,0
2024-07-02T02:35:00,0.0,0.0,0.0,0.0,0
2024-07-02T02:40:00,0.0,0.0,5.9,0.0,0
2024-07-02T02:45:00,0.0,0.0,0.0,0.0,0
2024-07-02T02:50:00,79.35,0.15,12.2,13.17,0
2024-07-02T02:55:00,0.0,0.0,8.2,0.0,0
2024-07-02T03:00:00,0.0,0.0,0.0,0.0,0
2024-07-02T03:05:00,80.45,0.14,11.0,13.26,0
2024-07-02T03:10:00,0.0,0.0,0.0,0.0,0
2024-07-02T03:15:00,80.61,0.28,22.4,13.24,1
2024-07-02T03:20:00,80.48,0.14,11.2,13.15,0
2024-07-02T03:25:00,0.0,0.0,0.0,0.0,0
2024-07-02T03:30:00,0.0,0.0,0.0,0.0,0
2024-07-02T03:35:00,0.0,0.0,0.0,0.0,0
2024-07-02T03:40:00,0.0,0.0,0.0,0.0,0
2024-07-02T03:45:00,79.62,0.15,11.7,13.22,0
2024-07-02T03:50:00,0.0,0.0,0.0,0.0,0
2024-07-02T03:55:00,0.0,0.0,0.2,0.0,0
2024-07-02T04:00:00,0.0,0.0,0.0,0.0,0
2024-07-02T04:05:00,0.0,0.0,0.0,0.0,0
2024-07-02T04:10:00,0.0,0.0,0.0,0.0,0
2024-07-02T04:15:00,80.85,0.31,25.4,13.21,1
2024-07-02T04:20:00,0.0,0.0,0.0,0.0,0
2024-07-02T04:25:00,79.23,0.28,22.5,13.2,1
2024-07-02T04:30:00,0.0,0.0,0.0,0.0,0
2024-07-02T04:35:00,80.3,0.15,12.3,13.17,0
2024-07-02T04:40:00,0.0,0.0,6.2,0.0,0
2024-07-02T04:45:00,80.58,0.25,19.8,13.13,0
2024-07-02T04:50:00,0.0,0.0,4.8,0.0,0
2024-07-02T04:55:00,0.0,0.0,0.0,0.0,0
2024-07-02T05:00:00,0.0,0.0,0.0,0.0,0
2024-07-02T05:05:00,80.08,0.15,11.6,13.16,0
2024-07-02T05:10:00,81.2,0.37,30.2,13.17,1
2024-07-02T05:15:00,80.14,0.15,12.0,13.25,0
2024-07-02T05:20:00,80.56,0.15,12.0,13.21,0
2024-07-02T05:25:00,0.0,0.0,4.6,0.0,0
2024-07-02T05:30:00,80.33,0.15,11.8,13.22,0
2024-07-02T05:35:00,0.0,0.0,3.6,0.0,0
2024-07-02T05:40:00,0.0,0.0,6.4,0.0,0
2024-07-02T05:45:00,0.0,0.0,0.0,0.0,0
2024-07-02T05:50:00,0.0,0.0,6.0,0.0,0
2024-07-02T05:55:00,0.0,0.0,2.2,0.0,0
2024-07-02T06:00:00,82.45,2.39,196.8,13.27,1
2024-07-02T06:05:00,82.74,3.37,279.1,13.27,1
2024-07-02T06:10:00,83.16,4.04,335.7,13.27,1
2024-07-02T06:15:00,84.11,4.66,392.1,13.32,1
2024-07-02T06:20:00,84.32,5.51,464.9,13.33,1
2024-07-02T06:25:00,84.07,5.78,485.7,13.39,1
2024-07-02T06:30:00,85.04,6.29,534.6,13.3,1
2024-07-02T06:35:00,86.19,7.0,603.5,13.3,1
2024-07-02T06:40:00,86.0,7.73,665.1,13.38,1
2024-07-02T06:45:00,87.19,8.18,713.4,13.45,1
2024-07-02T06:50:00,87.77,9.03,792.4,13.41,1
2024-07-02T06:55:00,88.81,9.52,845.6,13.48,1
2024-07-02T07:00:00,88.62,10.07,892.2,13.43,1
2024-07-02T07:05:00,89.27,10.88,971.1,13.52,1
2024-07-02T07:10:00,89.35,11.33,1012.5,13.46,1
2024-07-02T07:15:00,90.45,11.91,1077.3,13.59,1
2024-07-02T07:20:00,90.7,12.67,1149.1,13.54,1
2024-07-02T07:25:00,91.27,13.3,1213.8,13.6,1
2024-07-02T07:30:00,91.98,13.97,1285.1,13.62,1
2024-07-02T07:35:00,92.7,14.54,1347.5,13.6,1
2024-07-02T07:40:00,93.64,15.15,1418.8,13.62,1
2024-07-02T07:45:00,93.81,15.55,1458.5,13.67,1
2024-07-02T07:50:00,94.82,16.14,1530.2,13.58,1
2024-07-02T07:55:00,96.13,16.92,1626.3,13.69,1
2024-07-02T08:00:00,96.39,17.36,1673.3,13.7,1
2024-07-02T08:05:00,96.73,18.09,1750.2,13.77,1
2024-07-02T08:10:00,96.18,18.61,1789.7,13.72,1
2024-07-02T08:15:00,97.95,18.86,1847.5,13.69,1
2024-07-02T08:20:00,97.49,19.62,1912.7,13.78,1
2024-07-02T08:25:00,99.45,19.85,1974.2,13.83,1
2024-07-02T08:30:00,100.09,20.58,2059.7,13.71,1
2024-07-02T08:35:00,99.71,21.18,2111.7,13.78,1
2024-07-02T08:40:00,100.6,21.62,2174.6,13.81,1
2024-07-02T08:45:00,101.8,22.28,2267.7,13.87,1
2024-07-02T08:50:00,102.16,22.71,2320.4,13.76,1
2024-07-02T08:55:00,102.78,23.01,2365.0,13.91,1
2024-07-02T09:00:00,103.08,23.26,2397.3,13.93,1
2024-07-02T09:05:00,103.61,24.16,2503.3,13.94,1
2024-07-02T09:10:00,104.1,24.14,2513.3,13.95,1
2024-07-02T09:15:00,104.79,24.85,2604.1,13.9,1
2024-07-02T09:20:00,105.56,25.11,2651.1,13.9,1
2024-07-02T09:25:00,105.55,25.75,2717.6,13.9,1
2024-07-02T09:30:00,106.6,25.94,2765.6,14.0,1
2024-07-02T09:35:00,106.79,26.64,2844.5,14.0,1
2024-07-02T09:40:00,108.16,26.4,2855.9,13.96,1
2024-07-02T09:45:00,107.8,27.08,2919.2,13.96,1
2024-07-02T09:50:00,108.24,27.16,2940.3,14.13,1
2024-07-02T09:55:00,108.93,27.49,2994.9,14.06,1
2024-07-02T10:00:00,109.73,28.06,3078.6,14.09,1
2024-07-02T10:05:00,109.42,28.26,3092.2,14.1,1
2024-07-02T10:10:00,109.49,28.86,3160.2,14.04,1
2024-07-02T10:15:00,110.93,28.81,3196.2,14.12,1
2024-07-02T10:20:00,111.2,29.36,3265.2,14.11,1
2024-07-02T10:25:00,110.69,29.73,3290.7,14.08,1
2024-07-02T10:30:00,111.45,29.74,3314.3,14.11,1
2024-07-02T10:35:00,112.48,29.71,3341.9,14.1,1
2024-07-02T10:40:00,113.52,29.9,3394.4,14.12,1
2024-07-02T10:45:00,112.59,30.57,3441.4,14.15,1
2024-07-02T10:50:00,112.96,30.61,3457.6,14.18,1
2024-07-02T10:55:00,114.01,30.95,3529.1,14.23,1
2024-07-02T11:00:00,112.91,31.1,3511.5,14.22,1
2024-07-02T11:05:00,113.5,31.39,3562.4,14.24,1
2024-07-02T11:10:00,115.6,31.06,3590.5,14.22,1
2024-07-02T11:15:00,114.73,31.59,3624.5,14.25,1
2024-07-02T11:20:00,113.7,31.87,3623.4,14.3,1
2024-07-02T11:25:00,115.8,31.63,3662.6,14.33,1
2024-07-02T11:30:00,114.19,31.74,3624.2,14.21,1
2024-07-02T11:35:00,115.93,32.05,3715.9,14.27,1
2024-07-02T11:40:00,115.45,32.31,3729.6,14.33,1
2024-07-02T11:45:00,115.51,32.41,3743.5,14.23,1
2024-07-02T11:50:00,114.92,32.56,3742.0,14.18,1
2024-07-02T11:55:00,116.05,32.24,3741.6,14.28,1
2024-07-02T12:00:00,106.1,25.25,2678.6,13.92,1
2024-07-02T12:05:00,106.06,25.32,2685.8,13.97,1
2024-07-02T12:10:00,104.6,25.71,2689.2,14.0,1
2024-07-02T12:15:00,105.7,25.27,2670.8,13.9,1
2024-07-02T12:20:00,105.26,25.56,2690.2,14.05,1
2024-07-02T12:25:00,105.5,25.7,2711.7,13.97,1
2024-07-02T12:30:00,106.12,25.43,2698.9,13.97,1
2024-07-02T12:35:00,105.56,25.52,2693.8,14.0,1
2024-07-02T12:40:00,106.44,25.39,2702.9,13.9,1
2024-07-02T12:45:00,105.7,25.36,2680.9,14.03,1
2024-07-02T12:50:00,105.56,25.49,2691.0,13.94,1
2024-07-02T12:55:00,116.25,32.46,3773.9,14.28,1
2024-07-02T13:00:00,116.49,32.47,3782.5,14.24,1
2024-07-02T13:05:00,115.18,32.52,3745.6,14.3,1
2024-07-02T13:10:00,115.57,32.35,3738.9,14.24,1
2024-07-02T13:15:00,115.32,32.21,3714.1,14.3,1
2024-07-02T13:20:00,116.78,31.82,3715.7,14.25,1
2024-07-02T13:25:00,115.03,32.0,3681.4,14.3,1
2024-07-02T13:30:00,115.1,31.98,3681.4,14.2,1
2024-07-02T13:35:00,114.3,31.59,3611.2,14.22,1
2024-07-02T13:40:00,114.0,32.14,3663.4,14.17,1
2024-07-02T13:45:00,114.79,31.26,3588.2,14.08,1
2024-07-02T13:50:00,113.95,31.41,3579.6,14.27,1
2024-07-02T13:55:00,114.03,31.31,3570.9,14.21,1
2024-07-02T14:00:00,112.37,31.48,3536.9,14.26,1
2024-07-02T14:05:00,113.62,30.67,3484.9,14.24,1
2024-07-02T14:10:00,112.82,30.48,3438.6,14.2,1
2024-07-02T14:15:00,112.64,30.29,3412.2,14.19,1
2024-07-02T14:20:00,112.15,30.51,3422.0,14.25,1
2024-07-02T14:25:00,111.67,30.3,3383.5,14.25,1
2024-07-02T14:30:00,111.09,29.83,3313.7,14.07,1
2024-07-02T14:35:00,110.63,29.61,3276.4,14.07,1
2024-07-02T14:40:00,109.97,29.22,3213.0,14.21,1
2024-07-02T14:45:00,111.34,28.78,3204.9,14.18,1
2024-07-02T14:50:00,109.82,28.51,3130.7,14.04,1
2024-07-02T14:55:00,109.67,28.18,3090.7,14.06,1
2024-07-02T15:00:00,109.56,28.03,3070.6,14.05,1
2024-07-02T15:05:00,108.5,27.62,2996.6,14.04,1
2024-07-02T15:10:00,109.14,27.33,2983.2,14.06,1
2024-07-02T15:15:00,108.06,27.18,2937.7,14.03,1
2024-07-02T15:20:00,107.13,26.8,2871.2,14.0,1
2024-07-02T15:25:00,106.51,26.2,2790.2,14.0,1
2024-07-02T15:30:00,106.5,25.86,2754.0,13.95,1
2024-07-02T15:35:00,106.02,25.45,2697.9,13.98,1
2024-07-02T15:40:00,105.53,25.18,2657.4,13.95,1
2024-07-02T15:45:00,104.98,24.64,2586.4,13.97,1
2024-07-02T15:50:00,104.26,24.38,2542.3,14.01,1
2024-07-02T15:55:00,103.39,24.05,2486.9,13.94,1
2024-07-02T16:00:00,103.15,23.54,2428.6,13.86,1
2024-07-02T16:05:00,102.26,23.23,2376.0,13.87,1
2024-07-02T16:10:00,102.31,22.62,2314.4,13.84,1
2024-07-02T16:15:00,101.67,21.74,2210.2,13.87,1
2024-07-02T16:20:00,100.0,21.8,2179.8,13.77,1
2024-07-02T16:25:00,100.98,21.06,2126.9,13.81,1
2024-07-02T16:30:00,99.81,20.73,2069.2,13.82,1
2024-07-02T16:35:00,98.84,20.34,2010.8,13.8,1
2024-07-02T16:40:00,98.11,19.53,1915.7,13.79,1
2024-07-02T16:45:00,97.75,19.08,1864.6,13.7,1
2024-07-02T16:50:00,96.74,18.87,1825.6,13.64,1
2024-07-02T16:55:00,97.13,18.11,1759.3,13.72,1
2024-07-02T17:00:00,95.83,17.27,1655.1,13.7,1
2024-07-02T17:05:00,95.68,17.1,1635.8,13.71,1
2024-07-02T17:10:00,95.13,16.13,1534.5,13.69,1
2024-07-02T17:15:00,93.88,15.93,1495.3,13.67,1
2024-07-02T17:20:00,93.19,14.83,1381.8,13.57,1
2024-07-02T17:25:00,92.99,14.51,1349.3,13.65,1
2024-07-02T17:30:00,92.3,14.01,1292.9,13.59,1
2024-07-02T17:35:00,90.59,13.54,1226.9,13.57,1
2024-07-02T17:40:00,90.96,12.69,1154.4,13.62,1
2024-07-02T17:45:00,90.6,12.19,1104.0,13.42,1
2024-07-02T17:50:00,90.12,11.38,1025.7,13.54,1
2024-07-02T17:55:00,88.82,10.85,963.3,13.46,1
2024-07-02T18:00:00,88.08,10.47,922.6,13.51,1
2024-07-02T18:05:00,88.16,9.51,838.3,13.4,1
2024-07-02T18:10:00,87.82,8.75,768.4,13.38,1
2024-07-02T18:15:00,87.24,8.28,722.5,13.41,1
2024-07-02T18:20:00,86.37,7.41,640.4,13.44,1
2024-07-02T18:25:00,85.05,6.76,575.0,13.38,1
2024-07-02T18:30:00,84.5,6.44,543.9,13.29,1
2024-07-02T18:35:00,84.15,5.63,474.1,13.45,1
2024-07-02T18:40:00,83.33,5.03,419.3,13.37,1
2024-07-02T18:45:00,84.63,4.72,399.6,13.33,1
2024-07-02T18:50:00,82.79,3.65,302.6,13.36,1
2024-07-02T18:55:00,82.57,3.15,259.9,13.31,1
2024-07-02T19:00:00,82.19,2.68,220.4,13.23,1
2024-07-02T19:05:00,81.48,2.02,164.2,13.26,1
2024-07-02T19:10:00,81.23,1.71,138.7,13.22,1
2024-07-02T19:15:00,81.07,1.16,94.3,13.21,1
2024-07-02T19:20:00,80.78,0.38,30.7,13.21,1
2024-07-02T19:25:00,79.94,0.19,15.2,13.17,0
2024-07-02T19:30:00,0.0,0.0,0.0,0.0,0
2024-07-02T19:35:00,0.0,0.0,0.0,0.0,0
2024-07-02T19:40:00,0.0,0.0,0.0,0.0,0
2024-07-02T19:45:00,80.63,0.37,30.1,13.24,1
2024-07-02T19:50:00,79.48,0.22,17.7,13.24,0
2024-07-02T19:55:00,0.0,0.0,0.0,0.0,0
2024-07-02T20:00:00,0.0,0.0,0.0,0.0,0
2024-07-02T20:05:00,0.0,0.0,0.0,0.0,0
2024-07-02T20:10:00,80.12,0.21,16.7,13.18,0
2024-07-02T20:15:00,0.0,0.0,0.0,0.0,0
2024-07-02T20:20:00,0.0,0.0,3.7,0.0,0
2024-07-02T20:25:00,80.05,0.31,24.5,13.27,1
2024-07-02T20:30:00,0.0,0.0,0.0,0.0,0
2024-07-02T20:35:00,79.74,0.13,10.1,13.25,0
2024-07-02T20:40:00,0.0,0.0,0.0,0.0,0
2024-07-02T20:45:00,0.0,0.0,0.0,0.0,0
2024-07-02T20:50:00,0.0,0.0,0.0,0.0,0
2024-07-02T20:55:00,0.0,0.0,0.0,0.0,0
2024-07-02T21:00:00,0.0,0.0,3.4,0.0,0
2024-07-02T21:05:00,0.0,0.0,0.0,0.0,0
2024-07-02T21:10:00,0.0,0.0,0.0,0.0,0
2024-07-02T21:15:00,0.0,0.0,0.0,0.0,0
2024-07-02T21:20:00,80.56,0.14,11.5,13.18,0
2024-07-02T21:25:00,0.0,0.0,0.0,0.0,0
2024-07-02T21:30:00,0.0,0.0,0.0,0.0,0
2024-07-02T21:35:00,80.74,0.16,12.9,13.18,0
2024-07-02T21:40:00,0.0,0.0,5.2,0.0,0
2024-07-02T21:45:00,0.0,0.0,0.0,0.0,0
2024-07-02T21:50:00,79.61,0.15,12.3,13.23,0
2024-07-02T21:55:00,80.32,0.15,12.4,13.15,0
2024-07-02T22:00:00,0.0,0.0,0.5,0.0,0
2024-07-02T22:05:00,0.0,0.0,8.5,0.0,0
2024-07-02T22:10:00,79.42,0.15,12.2,13.29,0
2024-07-02T22:15:00,80.03,0.16,12.5,13.12,0
2024-07-02T22:20:00,0.0,0.0,5.1,0.0,0
2024-07-02T22:25:00,0.0,0.0,0.0,0.0,0
2024-07-02T22:30:00,80.67,0.21,16.7,13.25,0
2024-07-02T22:35:00,0.0,0.0,2.1,0.0,0
2024-07-02T22:40:00,0.0,0.0,2.7,0.0,0
2024-07-02T22:45:00,79.6,0.25,19.9,13.17,0
2024-07-02T22:50:00,0.0,0.0,0.0,0.0,0
2024-07-02T22:55:00,0.0,0.0,0.0,0.0,0
2024-07-02T23:00:00,0.0,0.0,0.0,0.0,0
2024-07-02T23:05:00,0.0,0.0,0.0,0.0,0
2024-07-02T23:10:00,0.0,0.0,0.0,0.0,0
2024-07-02T23:15:00,80.78,0.3,24.5,13.2,1
2024-07-02T23:20:00,80.69,0.25,19.8,13.27,0
2024-07-02T23:25:00,0.0,0.0,0.0,0.0,0
2024-07-02T23:30:00,0.0,0.0,0.0,0.0,0
2024-07-02T23:35:00,0.0,0.0,0.0,0.0,0
2024-07-02T23:40:00,0.0,0.0,3.4,0.0,0
2024-07-02T23:45:00,79.92,0.13,10.3,13.07,0
2024-07-02T23:50:00,0.0,0.0,8.3,0.0,0
2024-07-02T23:55:00,0.0,0.0,0.5,0.0,0
2024-07-03T00:00:00,0.0,0.0,0.0,0.0,0
2024-07-03T00:05:00,0.0,0.0,0.0,0.0,0
2024-07-03T00:10:00,0.0,0.0,1.7,0.0,0
2024-07-03T00:15:00,0.0,0.0,0.0,0.0,0
2024-07-03T00:20:00,0.0,0.0,0.0,0.0,0
2024-07-03T00:25:00,0.0,0.0,0.0,0.0,0
2024-07-03T00:30:00,0.0,0.0,1.3,0.0,0
2024-07-03T00:35:00,0.0,0.0,0.0,0.0,0
2024-07-03T00:40:00,80.56,0.24,19.1,13.23,0
2024-07-03T00:45:00,0.0,0.0,0.0,0.0,0
2024-07-03T00:50:00,0.0,0.0,6.5,0.0,0
2024-07-03T00:55:00,0.0,0.0,0.0,0.0,0
2024-07-03T01:00:00,0.0,0.0,0.0,0.0,0
2024-07-03T01:05:00,0.0,0.0,0.0,0.0,0
2024-07-03T01:10:00,0.0,0.0,3.8,0.0,0
2024-07-03T01:15:00,0.0,0.0,0.0,0.0,0
2024-07-03T01:20:00,80.35,0.2,16.3,13.12,0
2024-07-03T01:25:00,0.0,0.0,5.2,0.0,0
2024-07-03T01:30:00,80.58,0.17,14.0,13.15,0
2024-07-03T01:35:00,80.55,0.16,13.1,13.29,0
2024-07-03T01:40:00,0.0,0.0,2.3,0.0,0
2024-07-03T01:45:00,0.0,0.0,0.0,0.0,0
2024-07-03T01:50:00,0.0,0.0,1.3,0.0,0
2024-07-03T01:55:00,0.0,0.0,0.0,0.0,0
2024-07-03T02:00:00,0.0,0.0,0.0,0.0,0
2024-07-03T02:05:00,80.7,0.21,16.6,13.21,0
2024-07-03T02:10:00,0.0,0.0,0.0,0.0,0
2024-07-03T02:15:00,80.97,0.33,26.6,13.24,1
2024-07-03T02:20:00,0.0,0.0,0.0,0.0,0
2024-07-03T02:25:00,80.16,0.25,20.3,13.14,1
2024-07-03T02:30:00,0.0,0.0,5.8,0.0,0
2024-07-03T02:35:00,0.0,0.0,5.8,0.0,0
2024-07-03T02:40:00,0.0,0.0,2.9,0.0,0
2024-07-03T02:45:00,79.65,0.13,10.3,13.18,0
2024-07-03T02:50:00,0.0,0.0,0.0,0.0,0
2024-07-03T02:55:00,79.88,0.26,20.8,13.17,1
2024-07-03T03:00:00,80.48,0.21,16.7,13.16,0
2024-07-03T03:05:00,0.0,0.0,0.0,0.0,0
2024-07-03T03:10:00,0.0,0.0,0.0,0.0,0
2024-07-03T03:15:00,80.35,0.35,28.4,13.24,1
2024-07-03T03:20:00,0.0,0.0,0.0,0.0,0
2024-07-03T03:25:00,81.24,0.41,33.4,13.26,1
2024-07-03T03:30:00,79.9,0.22,17.3,13.17,0
2024-07-03T03:35:00,0.0,0.0,0.0,0.0,0
2024-07-03T03:40:00,0.0,0.0,0.0,0.0,0
2024-07-03T03:45:00,0.0,0.0,1.7,0.0,0
2024-07-03T03:50:00,0.0,0.0,0.0,0.0,0
2024-07-03T03:55:00,0.0,0.0,0.0,0.0,0
2024-07-03T04:00:00,0.0,0.0,0.0,0.0,0
2024-07-03T04:05:00,0.0,0.0,0.0,0.0,0
2024-07-03T04:10:00,0.0,0.0,0.0,0.0,0
2024-07-03T04:15:00,0.0,0.0,0.0,0.0,0
2024-07-03T04:20:00,0.0,0.0,0.0,0.0,0
2024-07-03T04:25:00,0.0,0.0,0.0,0.0,0
2024-07-03T04:30:00,0.0,0.0,0.0,0.0,0
2024-07-03T04:35:00,0.0,0.0,0.0,0.0,0
2024-07-03T04:40:00,0.0,0.0,5.3,0.0,0
2024-07-03T04:45:00,81.42,0.45,36.3,13.28,1
2024-07-03T04:50:00,80.07,0.56,44.9,13.2,1
2024-07-03T04:55:00,0.0,0.0,2.0,0.0,0
2024-07-03T05:00:00,80.24,0.34,27.5,13.25,1
2024-07-03T05:05:00,0.0,0.0,0.0,0.0,0
2024-07-03T05:10:00,0.0,0.0,0.0,0.0,0
2024-07-03T05:15:00,0.0,0.0,0.0,0.0,0
2024-07-03T05:20:00,0.0,0.0,0.0,0.0,0
2024-07-03T05:25:00,80.38,0.13,10.3,13.31,0
2024-07-03T05:30:00,0.0,0.0,0.0,0.0,0
2024-07-03T05:35:00,0.0,0.0,8.3,0.0,0
2024-07-03T05:40:00,80.4,0.28,22.3,13.12,1
2024-07-03T05:45:00,0.0,0.0,2.9,0.0,0
2024-07-03T05:50:00,0.0,0.0,0.0,0.0,0
2024-07-03T05:55:00,0.0,0.0,9.4,0.0,0
2024-07-03T06:00:00,82.32,2.65,218.0,13.21,1
2024-07-03T06:05:00,82.92,3.32,275.4,13.3,1
2024-07-03T06:10:00,83.13,3.64,302.3,13.3,1
2024-07-03T06:15:00,84.01,4.0,336.0,13.35,1
2024-07-03T06:20:00,83.85,5.21,436.9,13.41,1
2024-07-03T06:25:00,84.78,5.57,472.1,13.33,1
2024-07-03T06:30:00,85.05,6.47,550.4,13.39,1
2024-07-03T06:35:00,85.9,7.05,605.2,13.29,1
2024-07-03T06:40:00,85.29,7.81,665.8,13.4,1
2024-07-03T06:45:00,86.67,8.26,716.2,13.38,1
2024-07-03T06:50:00,87.19,9.07,791.2,13.41,1
2024-07-03T06:55:00,87.85,9.68,850.3,13.44,1
2024-07-03T07:00:00,87.77,10.44,916.5,13.5,1
2024-07-03T07:05:00,89.65,11.02,988.2,13.48,1
2024-07-03T07:10:00,89.14,11.54,1028.7,13.53,1
2024-07-03T07:15:00,89.18,12.16,1084.3,13.47,1
2024-07-03T07:20:00,90.91,12.7,1154.7,13.53,1
2024-07-03T07:25:00,92.0,13.33,1226.3,13.5,1
2024-07-03T07:30:00,92.9,13.85,1286.3,13.61,1
2024-07-03T07:35:00,92.87,14.51,1347.1,13.59,1
2024-07-03T07:40:00,93.91,14.99,1407.7,13.53,1
2024-07-03T07:45:00,93.54,15.65,1464.2,13.58,1
2024-07-03T07:50:00,94.46,16.4,1549.3,13.59,1
2024-07-03T07:55:00,95.79,16.99,1627.6,13.61,1
2024-07-03T08:00:00,95.4,17.54,1673.2,13.65,1
2024-07-03T08:05:00,96.82,18.14,1756.7,13.66,1
2024-07-03T08:10:00,96.84,18.57,1797.9,13.75,1
2024-07-03T08:15:00,97.18,19.21,1866.7,13.73,1
2024-07-03T08:20:00,98.93,19.53,1932.0,13.73,1
2024-07-03T08:25:00,98.5,20.15,1984.5,13.74,1
2024-07-03T08:30:00,99.47,20.56,2045.6,13.76,1
2024-07-03T08:35:00,100.69,21.12,2126.5,13.77,1
2024-07-03T08:40:00,100.69,21.64,2179.3,13.91,1
2024-07-03T08:45:00,101.13,22.35,2259.9,13.82,1
2024-07-03T08:50:00,102.02,22.68,2314.2,13.85,1
2024-07-03T08:55:00,102.42,22.9,2345.0,13.85,1
2024-07-03T09:00:00,103.26,23.59,2436.1,13.85,1
2024-07-03T09:05:00,103.31,23.8,2459.4,13.91,1
2024-07-03T09:10:00,103.59,24.37,2524.1,13.96,1
2024-07-03T09:15:00,105.15,24.64,2590.8,13.89,1
2024-07-03T09:20:00,105.51,25.24,2663.0,13.91,1
2024-07-03T09:25:00,105.84,25.45,2693.5,13.97,1
2024-07-03T09:30:00,106.43,26.01,2768.2,13.95,1
2024-07-03T09:35:00,106.68,26.53,2830.8,14.01,1
2024-07-03T09:40:00,107.05,26.83,2872.7,14.04,1
2024-07-03T09:45:00,108.03,26.92,2908.6,13.98,1
2024-07-03T09:50:00,107.6,27.57,2966.0,14.1,1
2024-07-03T09:55:00,108.83,27.68,3012.0,14.04,1
2024-07-03T10:00:00,109.4,28.23,3088.1,14.16,1
2024-07-03T10:05:00,110.57,28.3,3129.4,14.14,1
2024-07-03T10:10:00,110.33,28.55,3149.6,14.05,1
2024-07-03T10:15:00,110.11,29.34,3230.6,14.15,1
2024-07-03T10:20:00,109.94,29.62,3256.0,14.13,1
2024-07-03T10:25:00,111.03,29.6,3286.9,14.16,1
2024-07-03T10:30:00,111.33,29.88,3326.8,14.13,1
2024-07-03T10:35:00,112.35,29.75,3342.6,14.24,1
2024-07-03T10:40:00,111.94,30.14,3373.5,14.16,1
2024-07-03T10:45:00,112.72,30.19,3403.6,14.18,1
2024-07-03T10:50:00,113.46,30.61,3472.5,14.19,1
2024-07-03T10:55:00,113.94,30.58,3484.6,14.21,1
2024-07-03T11:00:00,113.4,31.06,3522.4,14.21,1
2024-07-03T11:05:00,114.19,31.1,3551.9,14.2,1
2024-07-03T11:10:00,113.49,31.64,3590.5,14.29,1
2024-07-03T11:15:00,114.55,31.41,3597.6,14.24,1
2024-07-03T11:20:00,114.59,31.72,3634.2,14.16,1
2024-07-03T11:25:00,115.14,31.85,3667.6,14.26,1
2024-07-03T11:30:00,115.33,32.07,3698.5,14.24,1
2024-07-03T11:35:00,116.22,31.96,3714.6,14.28,1
2024-07-03T11:40:00,115.84,31.94,3700.4,14.23,1
2024-07-03T11:45:00,114.79,32.65,3747.9,14.26,1
2024-07-03T11:50:00,116.4,32.22,3750.4,14.24,1
2024-07-03T11:55:00,116.41,32.27,3756.9,14.23,1
2024-07-03T12:00:00,91.09,12.59,1146.9,13.56,1
2024-07-03T12:05:00,91.12,12.86,1171.6,13.65,1
2024-07-03T12:10:00,90.36,12.56,1134.7,13.45,1
2024-07-03T12:15:00,91.45,12.73,1164.2,13.55,1
2024-07-03T12:20:00,91.38,12.92,1180.7,13.5,1
2024-07-03T12:25:00,91.12,12.86,1171.5,13.63,1
2024-07-03T12:30:00,91.23,12.69,1157.3,13.55,1
2024-07-03T12:35:00,91.74,12.49,1146.1,13.5,1
2024-07-03T12:40:00,91.16,12.69,1156.4,13.52,1
2024-07-03T12:45:00,90.8,12.84,1165.5,13.56,1
2024-07-03T12:50:00,91.62,12.38,1134.5,13.55,1
2024-07-03T12:55:00,115.81,32.7,3787.1,14.19,1
2024-07-03T13:00:00,115.9,32.41,3755.8,14.22,1
2024-07-03T13:05:00,115.8,32.41,3753.3,14.23,1
2024-07-03T13:10:00,116.25,32.45,3772.5,14.26,1
2024-07-03T13:15:00,115.54,32.27,3729.0,14.28,1
2024-07-03T13:20:00,114.69,32.13,3684.8,14.22,1
2024-07-03T13:25:00,116.14,32.16,3735.1,14.26,1
2024-07-03T13:30:00,115.55,31.72,3664.7,14.22,1
2024-07-03T13:35:00,115.03,31.61,3636.0,14.28,1
2024-07-03T13:40:00,115.17,31.7,3650.5,14.22,1
2024-07-03T13:45:00,115.15,31.38,3613.3,14.18,1
2024-07-03T13:50:00,114.32,31.36,3585.5,14.16,1
2024-07-03T13:55:00,114.75,30.76,3530.0,14.25,1
2024-07-03T14:00:00,113.22,31.1,3521.6,14.25,1
2024-07-03T14:05:00,113.01,30.89,3491.3,14.2,1
2024-07-03T14:10:00,112.81,30.72,3465.7,14.11,1
2024-07-03T14:15:00,111.88,30.41,3402.5,14.11,1
2024-07-03T14:20:00,112.61,30.14,3394.5,14.18,1
2024-07-03T14:25:00,111.72,30.06,3358.5,14.28,1
2024-07-03T14:30:00,110.69,30.02,3322.4,14.12,1
2024-07-03T14:35:00,111.56,29.54,3295.2,14.12,1
2024-07-03T14:40:00,110.7,29.15,3227.0,14.1,1
2024-07-03T14:45:00,110.4,28.95,3196.0,14.15,1
2024-07-03T14:50:00,109.99,28.71,3157.7,14.15,1
2024-07-03T14:55:00,109.7,28.29,3102.8,14.12,1
2024-07-03T15:00:00,108.47,28.3,3070.1,14.11,1
2024-07-03T15:05:00,109.08,27.52,3002.2,14.02,1
2024-07-03T15:10:00,107.16,27.57,2954.0,14.08,1
2024-07-03T15:15:00,107.39,27.07,2906.6,14.05,1
2024-07-03T15:20:00,107.55,26.55,2855.3,14.06,1
2024-07-03T15:25:00,106.6,26.32,2806.0,13.99,1
2024-07-03T15:30:00,106.26,26.06,2769.4,14.0,1
2024-07-03T15:35:00,106.17,25.51,2708.3,13.95,1
2024-07-03T15:40:00,105.95,24.99,2648.1,13.96,1
2024-07-03T15:45:00,104.85,24.59,2578.0,14.04,1
2024-07-03T15:50:00,103.89,24.35,2530.2,13.88,1
2024-07-03T15:55:00,104.24,23.99,2501.3,13.96,1
2024-07-03T16:00:00,102.36,23.85,2441.4,13.82,1
2024-07-03T16:05:00,103.54,22.9,2371.3,13.88,1
2024-07-03T16:10:00,101.19,22.39,2265.2,13.79,1
2024-07-03T16:15:00,102.05,21.86,2230.6,13.91,1
2024-07-03T16:20:00,100.21,21.87,2191.1,13.86,1
2024-07-03T16:25:00,98.99,21.3,2108.3,13.85,1
2024-07-03T16:30:00,99.88,20.54,2051.1,13.74,1
2024-07-03T16:35:00,98.49,20.19,1988.8,13.72,1
2024-07-03T16:40:00,98.7,19.39,1913.5,13.72,1
2024-07-03T16:45:00,97.53,19.01,1853.8,13.73,1
2024-07-03T16:50:00,96.94,18.6,1803.0,13.77,1
2024-07-03T16:55:00,96.84,17.91,1734.3,13.82,1
2024-07-03T17:00:00,96.14,17.36,1669.0,13.69,1
2024-07-03T17:05:00,95.91,16.76,1607.3,13.62,1
2024-07-03T17:10:00,94.63,16.39,1551.1,13.66,1
2024-07-03T17:15:00,93.92,15.9,1493.3,13.63,1
2024-07-03T17:20:00,92.89,15.11,1403.5,13.6,1
2024-07-03T17:25:00,92.71,14.37,1332.6,13.58,1
2024-07-03T17:30:00,92.74,14.01,1299.1,13.57,1
2024-07-03T17:35:00,90.7,13.47,1221.9,13.52,1
2024-07-03T17:40:00,91.21,12.76,1163.9,13.49,1
2024-07-03T17:45:00,91.79,11.96,1097.4,13.49,1
2024-07-03T17:50:00,90.01,11.58,1042.4,13.6,1
2024-07-03T17:55:00,88.63,10.87,963.7,13.48,1
2024-07-03T18:00:00,89.22,10.2,909.6,13.44,1
2024-07-03T18:05:00,88.73,9.64,855.7,13.38,1
2024-07-03T18:10:00,87.37,8.84,772.2,13.44,1
2024-07-03T18:15:00,85.8,8.3,712.1,13.34,1
2024-07-03T18:20:00,86.24,7.45,642.8,13.45,1
2024-07-03T18:25:00,85.09,7.16,608.9,13.42,1
2024-07-03T18:30:00,85.89,6.43,552.3,13.33,1
2024-07-03T18:35:00,83.85,5.62,471.5,13.35,1
2024-07-03T18:40:00,83.33,5.05,421.1,13.38,1
2024-07-03T18:45:00,83.7,4.6,385.2,13.29,1
2024-07-03T18:50:00,82.82,3.78,313.3,13.26,1
2024-07-03T18:55:00,82.21,3.14,258.3,13.22,1
2024-07-03T19:00:00,82.24,2.79,229.8,13.28,1
2024-07-03T19:05:00,81.43,2.23,181.4,13.21,1
2024-07-03T19:10:00,81.72,1.37,112.4,13.17,1
2024-07-03T19:15:00,80.83,1.17,94.3,13.21,1
2024-07-03T19:20:00,79.87,0.74,59.1,13.2,1
2024-07-03T19:25:00,0.0,0.0,0.0,0.0,0
2024-07-03T19:30:00,0.0,0.0,0.0,0.0,0
2024-07-03T19:35:00,0.0,0.0,0.0,0.0,0
2024-07-03T19:40:00,0.0,0.0,0.0,0.0,0
2024-07-03T19:45:00,0.0,0.0,0.0,0.0,0
2024-07-03T19:50:00,80.71,0.22,17.7,13.23,0
2024-07-03T19:55:00,0.0,0.0,0.0,0.0,0
2024-07-03T20:00:00,80.1,0.22,17.4,13.26,0
2024-07-03T20:05:00,0.0,0.0,0.0,0.0,0
2024-07-03T20:10:00,0.0,0.0,3.1,0.0,0
2024-07-03T20:15:00,0.0,0.0,0.0,0.0,0
2024-07-03T20:20:00,0.0,0.0,0.0,0.0,0
2024-07-03T20:25:00,80.21,0.14,11.4,13.22,0
2024-07-03T20:30:00,79.8,0.13,10.1,13.18,0
2024-07-03T20:35:00,0.0,0.0,0.0,0.0,0
2024-07-03T20:40:00,80.48,0.15,12.2,13.07,0
2024-07-03T20:45:00,79.23,0.14,11.1,13.24,0
2024-07-03T20:50:00,0.0,0.0,3.5,0.0,0
2024-07-03T20:55:00,80.33,0.22,18.0,13.19,0
2024-07-03T21:00:00,0.0,0.0,0.0,0.0,0
2024-07-03T21:05:00,0.0,0.0,7.7,0.0,0
2024-07-03T21:10:00,79.21,0.17,13.4,13.15,0
2024-07-03T21:15:00,0.0,0.0,0.0,0.0,0
2024-07-03T21:20:00,0.0,0.0,0.0,0.0,0
2024-07-03T21:25:00,0.0,0.0,0.0,0.0,0
2024-07-03T21:30:00,0.0,0.0,0.0,0.0,0
2024-07-03T21:35:00,79.96,0.41,33.1,13.17,1
2024-07-03T21:40:00,79.68,0.36,28.5,13.19,1
2024-07-03T21:45:00,0.0,0.0,6.9,0.0,0
2024-07-03T21:50:00,80.15,0.27,21.3,13.16,1
2024-07-03T21:55:00,0.0,0.0,4.1,0.0,0
2024-07-03T22:00:00,0.0,0.0,3.8,0.0,0
2024-07-03T22:05:00,79.41,0.14,11.2,13.18,0
2024-07-03T22:10:00,0.0,0.0,0.0,0.0,0
2024-07-03T22:15:00,0.0,0.0,1.2,0.0,0
2024-07-03T22:20:00,80.72,0.18,14.9,13.32,0
2024-07-03T22:25:00,0.0,0.0,0.0,0.0,0
2024-07-03T22:30:00,80.53,0.16,12.7,13.28,0
2024-07-03T22:35:00,0.0,0.0,5.3,0.0,0
2024-07-03T22:40:00,81.05,0.14,11.2,13.25,0
2024-07-03T22:45:00,0.0,0.0,0.0,0.0,0
2024-07-03T22:50:00,0.0,0.0,0.0,0.0,0
2024-07-03T22:55:00,0.0,0.0,3.8,0.0,0
2024-07-03T23:00:00,0.0,0.0,0.0,0.0,0
2024-07-03T23:05:00,0.0,0.0,0.0,0.0,0
2024-07-03T23:10:00,0.0,0.0,0.0,0.0,0
2024-07-03T23:15:00,0.0,0.0,0.0,0.0,0
2024-07-03T23:20:00,0.0,0.0,0.0,0.0,0
2024-07-03T23:25:00,0.0,0.0,2.5,0.0,0
2024-07-03T23:30:00,0.0,0.0,0.0,0.0,0
2024-07-03T23:35:00,0.0,0.0,0.0,0.0,0
2024-07-03T23:40:00,0.0,0.0,0.0,0.0,0
2024-07-03T23:45:00,0.0,0.0,0.0,0.0,0
2024-07-03T23:50:00,0.0,0.0,8.0,0.0,0
2024-07-03T23:55:00,0.0,0.0,0.0,0.0,0
2024-07-04T00:00:00,79.49,0.27,21.8,13.26,1
2024-07-04T00:05:00,0.0,0.0,0.0,0.0,0
2024-07-04T00:10:00,0.0,0.0,0.0,0.0,0
2024-07-04T00:15:00,0.0,0.0,0.0,0.0,0
2024-07-04T00:20:00,0.0,0.0,0.0,0.0,0
2024-07-04T00:25:00,0.0,0.0,0.0,0.0,0
2024-07-04T00:30:00,0.0,0.0,0.0,0.0,0
2024-07-04T00:35:00,0.0,0.0,0.0,0.0,0
2024-07-04T00:40:00,0.0,0.0,2.3,0.0,0
2024-07-04T00:45:00,0.0,0.0,0.0,0.0,0
2024-07-04T00:50:00,0.0,0.0,0.0,0.0,0
2024-07-04T00:55:00,0.0,0.0,5.1,0.0,0
2024-07-04T01:00:00,0.0,0.0,9.5,0.0,0
2024-07-04T01:05:00,0.0,0.0,0.0,0.0,0
2024-07-04T01:10:00,0.0,0.0,2.8,0.0,0
2024-07-04T01:15:00,0.0,0.0,0.0,0.0,0
2024-07-04T01:20:00,0.0,0.0,0.0,0.0,0
2024-07-04T01:25:00,0.0,0.0,0.2,0.0,0
2024-07-04T01:30:00,0.0,0.0,0.8,0.0,0
2024-07-04T01:35:00,0.0,0.0,0.0,0.0,0
2024-07-04T01:40:00,79.99,0.23,18.6,13.28,0
2024-07-04T01:45:00,0.0,0.0,0.0,0.0,0
2024-07-04T01:50:00,0.0,0.0,0.0,0.0,0
2024-07-04T01:55:00,0.0,0.0,0.0,0.0,0
2024-07-04T02:00:00,0.0,0.0,0.0,0.0,0
2024-07-04T02:05:00,79.1,0.19,14.9,13.2,0
2024-07-04T02:10:00,78.83,0.27,21.3,13.12,1
2024-07-04T02:15:00,0.0,0.0,0.0,0.0,0
2024-07-04T02:20:00,0.0,0.0,2.3,0.0,0
2024-07-04T02:25:00,0.0,0.0,5.9,0.0,0
2024-07-04T02:30:00,0.0,0.0,2.0,0.0,0
2024-07-04T02:35:00,79.7,0.25,20.3,13.26,1
2024-07-04T02:40:00,0.0,0.0,5.7,0.0,0
2024-07-04T02:45:00,0.0,0.0,0.0,0.0,0
2024-07-04T02:50:00,0.0,0.0,0.0,0.0,0
2024-07-04T02:55:00,0.0,0.0,1.7,0.0,0
2024-07-04T03:00:00,0.0,0.0,0.0,0.0,0
2024-07-04T03:05:00,0.0,0.0,0.0,0.0,0
2024-07-04T03:10:00,0.0,0.0,0.0,0.0,0
2024-07-04T03:15:00,0.0,0.0,0.0,0.0,0
2024-07-04T03:20:00,0.0,0.0,0.1,0.0,0
2024-07-04T03:25:00,79.85,0.43,33.9,13.15,1
2024-07-04T03:30:00,0.0,0.0,0.0,0.0,0
2024-07-04T03:35:00,80.03,0.16,12.4,13.17,0
2024-07-04T03:40:00,0.0,0.0,0.0,0.0,0
2024-07-04T03:45:00,0.0,0.0,0.0,0.0,0
2024-07-04T03:50:00,0.0,0.0,9.5,0.0,0
2024-07-04T03:55:00,0.0,0.0,0.0,0.0,0
2024-07-04T04:00:00,79.52,0.29,23.0,13.26,1
2024-07-04T04:05:00,79.94,0.33,26.7,13.12,1
2024-07-04T04:10:00,80.5,0.4,32.5,13.25,1
2024-07-04T04:15:00,0.0,0.0,0.0,0.0,0
2024-07-04T04:20:00,0.0,0.0,0.0,0.0,0
2024-07-04T04:25:00,0.0,0.0,0.0,0.0,0
2024-07-04T04:30:00,0.0,0.0,6.5,0.0,0
2024-07-04T04:35:00,0.0,0.0,0.0,0.0,0
2024-07-04T04:40:00,80.06,0.16,12.8,13.21,0
2024-07-04T04:45:00,0.0,0.0,2.4,0.0,0
2024-07-04T04:50:00,0.0,0.0,0.0,0.0,0
2024-07-04T04:55:00,0.0,0.0,0.0,0.0,0
2024-07-04T05:00:00,0.0,0.0,0.0,0.0,0
2024-07-04T05:05:00,0.0,0.0,0.0,0.0,0
2024-07-04T05:10:00,80.25,0.18,14.7,13.16,0
2024-07-04T05:15:00,0.0,0.0,0.0,0.0,0
2024-07-04T05:20:00,80.26,0.21,17.1,13.18,0
2024-07-04T05:25:00,0.0,0.0,0.0,0.0,0
2024-07-04T05:30:00,79.77,0.18,14.5,13.2,0
2024-07-04T05:35:00,81.19,0.15,12.4,13.2,0
2024-07-04T05:40:00,0.0,0.0,7.4,0.0,0
2024-07-04T05:45:00,79.8,0.14,10.8,13.14,0
2024-07-04T05:50:00,79.89,0.16,12.5,13.19,0
2024-07-04T05:55:00,0.0,0.0,6.5,0.0,0
2024-07-04T06:00:00,81.75,2.58,211.0,13.28,1
2024-07-04T06:05:00,83.7,3.15,264.0,13.38,1
2024-07-04T06:10:00,83.65,3.92,327.6,13.26,1
2024-07-04T06:15:00,83.42,4.16,347.4,13.27,1
2024-07-04T06:20:00,84.38,4.98,420.4,13.36,1
2024-07-04T06:25:00,84.75,5.45,462.0,13.31,1
2024-07-04T06:30:00,85.56,6.27,536.9,13.43,1
2024-07-04T06:35:00,85.89,7.03,603.6,13.35,1
2024-07-04T06:40:00,85.94,7.35,631.3,13.38,1
2024-07-04T06:45:00,87.42,8.33,728.2,13.48,1
2024-07-04T06:50:00,87.99,8.95,787.5,13.41,1
2024-07-04T06:55:00,88.73,9.45,838.1,13.46,1
2024-07-04T07:00:00,88.91,10.26,912.4,13.47,1
2024-07-04T07:05:00,89.93,10.59,952.4,13.49,1
2024-07-04T07:10:00,90.17,11.04,995.2,13.38,1
2024-07-04T07:15:00,90.57,12.33,1116.9,13.39,1
2024-07-04T07:20:00,91.79,12.57,1153.4,13.45,1
2024-07-04T07:25:00,92.04,13.39,1232.5,13.51,1
2024-07-04T07:30:00,91.61,13.8,1264.5,13.52,1
2024-07-04T07:35:00,92.37,15.0,1385.2,13.59,1
2024-07-04T07:40:00,93.39,15.03,1403.8,13.54,1
2024-07-04T07:45:00,93.88,15.86,1488.7,13.58,1
2024-07-04T07:50:00,94.44,16.48,1556.3,13.66,1
2024-07-04T07:55:00,96.24,16.52,1590.3,13.72,1
2024-07-04T08:00:00,96.24,17.54,1688.2,13.61,1
2024-07-04T08:05:00,96.62,17.6,1700.4,13.59,1
2024-07-04T08:10:00,96.32,18.7,1801.2,13.75,1
2024-07-04T08:15:00,97.73,19.07,1864.2,13.68,1
2024-07-04T08:20:00,98.01,19.44,1905.2,13.75,1
2024-07-04T08:25:00,99.17,20.38,2021.4,13.81,1
2024-07-04T08:30:00,98.58,20.73,2043.9,13.72,1
2024-07-04T08:35:00,100.92,21.18,2137.1,13.79,1
2024-07-04T08:40:00,100.72,21.72,2187.1,13.74,1
2024-07-04T08:45:00,100.98,22.55,2277.5,13.93,1
2024-07-04T08:50:00,102.34,22.66,2319.2,13.85,1
2024-07-04T08:55:00,103.35,23.05,2381.7,13.86,1
2024-07-04T09:00:00,102.9,23.55,2423.0,13.92,1
2024-07-04T09:05:00,103.42,23.75,2455.7,14.01,1
2024-07-04T09:10:00,104.8,24.31,2547.9,13.95,1
2024-07-04T09:15:00,104.37,25.01,2610.3,13.95,1
2024-07-04T09:20:00,105.21,25.25,2656.6,13.92,1
2024-07-04T09:25:00,106.88,25.46,2721.2,14.02,1
2024-07-04T09:30:00,106.3,25.96,2759.5,14.04,1
2024-07-04T09:35:00,107.8,26.26,2830.9,14.01,1
2024-07-04T09:40:00,106.62,26.83,2861.1,13.97,1
2024-07-04T09:45:00,107.53,27.07,2911.0,14.0,1
2024-07-04T09:50:00,107.72,27.3,2940.6,14.06,1
2024-07-04T09:55:00,107.71,27.92,3006.9,14.02,1
2024-07-04T10:00:00,108.89,28.3,3082.0,14.04,1
2024-07-04T10:05:00,109.17,28.5,3111.2,14.09,1
2024-07-04T10:10:00,109.93,29.02,3190.3,14.14,1
2024-07-04T10:15:00,110.61,28.99,3207.0,14.2,1
2024-07-04T10:20:00,111.64,29.21,3261.4,14.14,1
2024-07-04T10:25:00,110.66,29.32,3244.7,14.09,1
2024-07-04T10:30:00,111.51,29.75,3317.6,14.24,1
2024-07-04T10:35:00,112.19,29.94,3358.9,14.19,1
2024-07-04T10:40:00,112.53,30.04,3380.8,14.08,1
2024-07-04T10:45:00,112.06,30.67,3436.9,14.17,1
2024-07-04T10:50:00,112.67,30.76,3465.8,14.28,1
2024-07-04T10:55:00,113.65,30.76,3496.3,14.14,1
2024-07-04T11:00:00,114.07,31.07,3544.0,14.24,1
2024-07-04T11:05:00,114.17,31.25,3568.4,14.21,1
2024-07-04T11:10:00,114.33,31.19,3566.0,14.16,1
2024-07-04T11:15:00,114.47,31.54,3610.5,14.12,1
2024-07-04T11:20:00,114.35,31.74,3629.3,14.26,1
2024-07-04T11:25:00,114.52,31.87,3649.4,14.3,1
2024-07-04T11:30:00,114.94,31.97,3674.5,14.28,1
2024-07-04T11:35:00,113.98,32.46,3699.6,14.24,1
2024-07-04T11:40:00,115.34,32.23,3717.2,14.27,1
2024-07-04T11:45:00,115.12,32.33,3721.3,14.26,1
2024-07-04T11:50:00,115.21,32.26,3716.2,14.25,1
2024-07-04T11:55:00,116.05,32.49,3770.3,14.27,1
2024-07-04T12:00:00,109.41,28.26,3092.1,14.08,1
2024-07-04T12:05:00,109.7,28.18,3091.8,14.06,1
2024-07-04T12:10:00,110.35,28.24,3116.5,14.09,1
2024-07-04T12:15:00,110.7,28.06,3106.5,14.03,1
2024-07-04T12:20:00,108.92,28.64,3119.0,14.13,1
2024-07-04T12:25:00,109.78,28.27,3104.1,14.07,1
2024-07-04T12:30:00,109.16,28.47,3107.5,14.08,1
2024-07-04T12:35:00,109.64,28.57,3132.8,14.1,1
2024-07-04T12:40:00,115.61,32.85,3797.5,14.25,1
2024-07-04T12:45:00,116.54,32.46,3782.2,14.22,1
2024-07-04T12:50:00,115.9,32.56,3774.1,14.37,1
2024-07-04T12:55:00,115.62,32.72,3783.3,14.33,1
2024-07-04T13:00:00,115.7,32.4,3748.7,14.23,1
2024-07-04T13:05:00,115.42,32.72,3776.0,14.28,1
2024-07-04T13:10:00,115.39,32.32,3729.3,14.26,1
2024-07-04T13:15:00,115.78,32.34,3744.4,14.23,1
2024-07-04T13:20:00,114.8,32.44,3723.6,14.24,1
2024-07-04T13:25:00,114.3,32.35,3697.6,14.2,1
2024-07-04T13:30:00,115.15,31.8,3661.9,14.26,1
2024-07-04T13:35:00,114.75,31.86,3656.0,14.26,1
2024-07-04T13:40:00,113.67,31.78,3612.2,14.22,1
2024-07-04T13:45:00,114.76,31.42,3605.7,14.21,1
2024-07-04T13:50:00,114.85,31.09,3570.3,14.25,1
2024-07-04T13:55:00,113.28,31.38,3554.2,14.24,1
2024-07-04T14:00:00,114.23,30.98,3539.3,14.22,1
2024-07-04T14:05:00,114.11,30.71,3504.5,14.11,1
2024-07-04T14:10:00,113.13,30.35,3433.7,14.25,1
2024-07-04T14:15:00,112.8,30.35,3423.5,14.17,1
2024-07-04T14:20:00,112.14,30.35,3403.8,14.24,1
2024-07-04T14:25:00,112.22,30.04,3370.7,14.15,1
2024-07-04T14:30:00,111.78,29.68,3317.6,14.2,1
2024-07-04T14:35:00,110.2,29.77,3281.2,14.13,1
2024-07-04T14:40:00,111.23,29.16,3243.3,14.1,1
2024-07-04T14:45:00,110.39,29.03,3204.8,14.12,1
2024-07-04T14:50:00,110.04,28.7,3158.1,14.09,1
2024-07-04T14:55:00,110.08,28.34,3119.9,13.9,1
2024-07-04T15:00:00,108.92,27.78,3026.3,14.06,1
2024-07-04T15:05:00,109.6,27.53,3017.0,14.04,1
2024-07-04T15:10:00,108.51,27.16,2947.2,14.07,1
2024-07-04T15:15:00,107.28,27.17,2914.7,14.02,1
2024-07-04T15:20:00,107.62,26.93,2897.6,13.99,1
2024-07-04T15:25:00,106.18,26.34,2796.7,14.01,1
2024-07-04T15:30:00,105.34,26.12,2751.1,14.01,1
2024-07-04T15:35:00,105.19,25.73,2706.7,13.97,1
2024-07-04T15:40:00,104.95,25.31,2655.9,13.95,1
2024-07-04T15:45:00,104.15,25.14,2618.7,13.99,1
2024-07-04T15:50:00,105.09,24.37,2560.5,13.95,1
2024-07-04T15:55:00,102.98,24.17,2489.5,13.96,1
2024-07-04T16:00:00,102.44,23.57,2414.5,13.84,1
2024-07-04T16:05:00,102.98,22.95,2363.8,13.84,1
2024-07-04T16:10:00,101.71,22.38,2276.3,13.9,1
2024-07-04T16:15:00,101.79,22.19,2259.1,13.88,1
2024-07-04T16:20:00,101.21,21.71,2197.7,13.87,1
2024-07-04T16:25:00,99.64,21.36,2128.2,13.85,1
2024-07-04T16:30:00,100.07,20.78,2079.5,13.82,1
2024-07-04T16:35:00,98.83,20.07,1983.4,13.75,1
2024-07-04T16:40:00,98.52,19.82,1952.9,13.83,1
2024-07-04T16:45:00,97.96,19.23,1884.2,13.68,1
2024-07-04T16:50:00,97.94,18.45,1807.0,13.72,1
2024-07-04T16:55:00,96.05,18.11,1739.4,13.8,1
2024-07-04T17:00:00,95.33,17.74,1691.2,13.69,1
2024-07-04T17:05:00,94.91,16.99,1612.9,13.69,1
2024-07-04T17:10:00,95.09,16.44,1563.0,13.69,1
2024-07-04T17:15:00,94.64,15.49,1465.8,13.58,1
2024-07-04T17:20:00,93.8,15.14,1419.7,13.57,1
2024-07-04T17:25:00,91.14,14.59,1329.9,13.59,1
2024-07-04T17:30:00,91.77,13.79,1265.8,13.6,1
2024-07-04T17:35:00,91.43,13.35,1220.5,13.6,1
2024-07-04T17:40:00,91.41,12.47,1139.6,13.46,1
2024-07-04T17:45:00,90.73,12.17,1104.3,13.57,1
2024-07-04T17:50:00,89.53,11.66,1043.9,13.54,1
2024-07-04T17:55:00,89.05,10.77,959.5,13.46,1
2024-07-04T18:00:00,88.3,9.96,879.7,13.43,1
2024-07-04T18:05:00,87.93,9.37,824.1,13.43,1
2024-07-04T18:10:00,87.11,8.7,758.2,13.46,1
2024-07-04T18:15:00,87.59,8.43,738.0,13.33,1
2024-07-04T18:20:00,86.07,7.9,680.2,13.46,1
2024-07-04T18:25:00,85.9,6.85,588.7,13.34,1
2024-07-04T18:30:00,84.4,6.23,525.6,13.42,1
2024-07-04T18:35:00,84.42,5.72,483.0,13.33,1
2024-07-04T18:40:00,83.64,4.98,416.1,13.3,1
2024-07-04T18:45:00,83.15,4.34,361.2,13.38,1
2024-07-04T18:50:00,83.21,3.84,319.2,13.35,1
2024-07-04T18:55:00,83.29,3.64,303.2,13.28,1
2024-07-04T19:00:00,82.18,2.48,203.9,13.21,1
2024-07-04T19:05:00,81.08,2.02,163.7,13.27,1
2024-07-04T19:10:00,81.3,1.95,158.5,13.31,1
2024-07-04T19:15:00,80.96,1.13,91.7,13.22,1
2024-07-04T19:20:00,79.28,0.66,52.0,13.2,1
2024-07-04T19:25:00,81.01,0.43,34.8,13.19,1
2024-07-04T19:30:00,0.0,0.0,0.0,0.0,0
2024-07-04T19:35:00,0.0,0.0,0.0,0.0,0
2024-07-04T19:40:00,0.0,0.0,0.0,0.0,0
2024-07-04T19:45:00,0.0,0.0,0.0,0.0,0
2024-07-04T19:50:00,0.0,0.0,0.0,0.0,0
2024-07-04T19:55:00,0.0,0.0,0.0,0.0,0
2024-07-04T20:00:00,0.0,0.0,0.0,0.0,0
2024-07-04T20:05:00,0.0,0.0,8.1,0.0,0
2024-07-04T20:10:00,0.0,0.0,5.1,0.0,0
2024-07-04T20:15:00,0.0,0.0,0.0,0.0,0
2024-07-04T20:20:00,0.0,0.0,0.0,0.0,0
2024-07-04T20:25:00,0.0,0.0,0.0,0.0,0
2024-07-04T20:30:00,0.0,0.0,8.1,0.0,0
2024-07-04T20:35:00,0.0,0.0,0.0,0.0,0
2024-07-04T20:40:00,0.0,0.0,0.0,0.0,0
2024-07-04T20:45:00,0.0,0.0,0.0,0.0,0
2024-07-04T20:50:00,0.0,0.0,3.4,0.0,0
2024-07-04T20:55:00,80.67,0.39,31.7,13.21,1
2024-07-04T21:00:00,0.0,0.0,5.4,0.0,0
2024-07-04T21:05:00,0.0,0.0,0.0,0.0,0
2024-07-04T21:10:00,0.0,0.0,6.6,0.0,0
2024-07-04T21:15:00,79.99,0.36,28.6,13.18,1
2024-07-04T21:20:00,0.0,0.0,0.0,0.0,0
2024-07-04T21:25:00,0.0,0.0,0.0,0.0,0
2024-07-04T21:30:00,0.0,0.0,0.0,0.0,0
2024-07-04T21:35:00,0.0,0.0,9.2,0.0,0
2024-07-04T21:40:00,0.0,0.0,7.2,0.0,0
2024-07-04T21:45:00,0.0,0.0,0.0,0.0,0
2024-07-04T21:50:00,0.0,0.0,0.0,0.0,0
2024-07-04T21:55:00,0.0,0.0,0.0,0.0,0
2024-07-04T22:00:00,0.0,0.0,4.2,0.0,0
2024-07-04T22:05:00,0.0,0.0,4.0,0.0,0
2024-07-04T22:10:00,0.0,0.0,5.8,0.0,0
2024-07-04T22:15:00,0.0,0.0,4.3,0.0,0
2024-07-04T22:20:00,0.0,0.0,2.4,0.0,0
2024-07-04T22:25:00,0.0,0.0,0.0,0.0,0
2024-07-04T22:30:00,0.0,0.0,0.0,0.0,0
2024-07-04T22:35:00,0.0,0.0,9.2,0.0,0
2024-07-04T22:40:00,80.55,0.18,14.6,13.17,0
2024-07-04T22:45:00,0.0,0.0,0.0,0.0,0
2024-07-04T22:50:00,80.5,0.28,22.3,13.22,1
2024-07-04T22:55:00,80.12,0.14,11.6,13.13,0
2024-07-04T23:00:00,0.0,0.0,7.8,0.0,0
2024-07-04T23:05:00,79.32,0.23,18.3,13.22,0
2024-07-04T23:10:00,79.81,0.15,11.7,13.15,0
2024-07-04T23:15:00,80.1,0.23,18.7,13.21,0
2024-07-04T23:20:00,0.0,0.0,0.0,0.0,0
2024-07-04T23:25:00,0.0,0.0,9.0,0.0,0
2024-07-04T23:30:00,0.0,0.0,0.0,0.0,0
2024-07-04T23:35:00,0.0,0.0,0.3,0.0,0
2024-07-04T23:40:00,0.0,0.0,0.0,0.0,0
2024-07-04T23:45:00,0.0,0.0,1.6,0.0,0
2024-07-04T23:50:00,0.0,0.0,0.0,0.0,0
2024-07-04T23:55:00,80.8,0.31,24.7,13.2,1
2024-07-05T00:00:00,0.0,0.0,0.0,0.0,0
2024-07-05T00:05:00,0.0,0.0,0.0,0.0,0
2024-07-05T00:10:00,0.0,0.0,0.0,0.0,0
2024-07-05T00:15:00,0.0,0.0,0.0,0.0,0
2024-07-05T00:20:00,0.0,0.0,0.0,0.0,0
2024-07-05T00:25:00,0.0,0.0,0.0,0.0,0
2024-07-05T00:30:00,80.3,0.13,10.2,13.12,0
2024-07-05T00:35:00,0.0,0.0,0.0,0.0,0
2024-07-05T00:40:00,0.0,0.0,0.0,0.0,0
2024-07-05T00:45:00,0.0,0.0,0.0,0.0,0
2024-07-05T00:50:00,0.0,0.0,0.0,0.0,0
2024-07-05T00:55:00,0.0,0.0,0.0,0.0,0
2024-07-05T01:00:00,0.0,0.0,0.0,0.0,0
2024-07-05T01:05:00,0.0,0.0,0.0,0.0,0
2024-07-05T01:10:00,79.92,0.28,22.1,13.16,1
2024-07-05T01:15:00,0.0,0.0,0.0,0.0,0
2024-07-05T01:20:00,79.75,0.29,23.4,13.22,1
2024-07-05T01:25:00,0.0,0.0,0.1,0.0,0
2024-07-05T01:30:00,0.0,0.0,6.2,0.0,0
2024-07-05T01:35:00,0.0,0.0,0.0,0.0,0
2024-07-05T01:40:00,80.24,0.31,24.9,13.2,1
2024-07-05T01:45:00,0.0,0.0,2.2,0.0,0
2024-07-05T01:50:00,80.24,0.15,11.7,13.26,0
2024-07-05T01:55:00,0.0,0.0,0.0,0.0,0
2024-07-05T02:00:00,0.0,0.0,7.9,0.0,0
2024-07-05T02:05:00,0.0,0.0,9.1,0.0,0
2024-07-05T02:10:00,0.0,0.0,9.4,0.0,0
2024-07-05T02:15:00,0.0,0.0,7.3,0.0,0
2024-07-05T02:20:00,0.0,0.0,0.0,0.0,0
2024-07-05T02:25:00,0.0,0.0,8.1,0.0,0
2024-07-05T02:30:00,80.07,0.14,11.5,13.28,0
2024-07-05T02:35:00,0.0,0.0,0.0,0.0,0
2024-07-05T02:40:00,79.81,0.14,11.4,13.18,0
2024-07-05T02:45:00,0.0,0.0,0.0,0.0,0
2024-07-05T02:50:00,0.0,0.0,0.0,0.0,0
2024-07-05T02:55:00,0.0,0.0,0.0,0.0,0
2024-07-05T03:00:00,79.42,0.28,21.9,13.27,1
2024-07-05T03:05:00,80.26,0.24,19.5,13.14,0
2024-07-05T03:10:00,79.71,0.18,14.2,13.23,0
2024-07-05T03:15:00,0.0,0.0,0.0,0.0,0
2024-07-05T03:20:00,0.0,0.0,0.0,0.0,0
2024-07-05T03:25:00,80.56,0.14,11.0,13.2,0
2024-07-05T03:30:00,0.0,0.0,0.0,0.0,0
2024-07-05T03:35:00,0.0,0.0,1.3,0.0,0
2024-07-05T03:40:00,80.46,0.27,22.0,13.16,1
2024-07-05T03:45:00,0.0,0.0,0.0,0.0,0
2024-07-05T03:50:00,0.0,0.0,4.7,0.0,0
2024-07-05T03:55:00,0.0,0.0,0.0,0.0,0
2024-07-05T04:00:00,79.71,0.2,15.6,13.19,0
2024-07-05T04:05:00,0.0,0.0,0.0,0.0,0
2024-07-05T04:10:00,79.31,0.2,16.2,13.21,0
2024-07-05T04:15:00,0.0,0.0,0.0,0.0,0
2024-07-05T04:20:00,81.14,0.2,16.5,13.14,0
2024-07-05T04:25:00,79.54,0.17,13.2,13.13,0
2024-07-05T04:30:00,0.0,0.0,0.0,0.0,0
2024-07-05T04:35:00,0.0,0.0,0.0,0.0,0
2024-07-05T04:40:00,0.0,0.0,0.0,0.0,0
2024-07-05T04:45:00,0.0,0.0,0.0,0.0,0
2024-07-05T04:50:00,80.37,0.26,21.0,13.17,1
2024-07-05T04:55:00,0.0,0.0,0.0,0.0,0
2024-07-05T05:00:00,80.09,0.41,32.6,13.18,1
2024-07-05T05:05:00,0.0,0.0,8.9,0.0,0
2024-07-05T05:10:00,0.0,0.0,0.0,0.0,0
2024-07-05T05:15:00,0.0,0.0,0.0,0.0,0
2024-07-05T05:20:00,0.0,0.0,0.0,0.0,0
2024-07-05T05:25:00,0.0,0.0,2.1,0.0,0
2024-07-05T05:30:00,0.0,0.0,5.3,0.0,0
2024-07-05T05:35:00,0.0,0.0,8.8,0.0,0
2024-07-05T05:40:00,0.0,0.0,0.0,0.0,0
2024-07-05T05:45:00,0.0,0.0,0.0,0.0,0
2024-07-05T05:50:00,80.32,0.2,16.4,13.18,0
2024-07-05T05:55:00,79.38,0.23,18.5,13.22,0
2024-07-05T06:00:00,82.0,2.45,200.6,13.28,1
2024-07-05T06:05:00,83.31,3.13,260.4,13.23,1
2024-07-05T06:10:00,83.18,3.75,312.2,13.29,1
2024-07-05T06:15:00,84.18,4.7,395.6,13.33,1
2024-07-05T06:20:00,83.8,5.11,428.3,13.32,1
2024-07-05T06:25:00,84.41,5.58,471.3,13.27,1
2024-07-05T06:30:00,85.08,6.22,529.1,13.34,1
2024-07-05T06:35:00,84.85,7.15,606.3,13.4,1
2024-07-05T06:40:00,86.14,7.41,638.0,13.33,1
2024-07-05T06:45:00,86.53,8.33,720.6,13.36,1
2024-07-05T06:50:00,87.23,8.83,770.3,13.41,1
2024-07-05T06:55:00,88.41,9.41,832.2,13.41,1
2024-07-05T07:00:00,88.43,10.28,908.9,13.44,1
2024-07-05T07:05:00,89.5,10.51,940.6,13.42,1
2024-07-05T07:10:00,90.37,11.45,1035.0,13.44,1
2024-07-05T07:15:00,90.52,11.74,1063.0,13.5,1
2024-07-05T07:20:00,91.1,12.42,1131.8,13.54,1
2024-07-05T07:25:00,91.79,13.45,1234.6,13.48,1
2024-07-05T07:30:00,91.9,14.19,1304.0,13.57,1
2024-07-05T07:35:00,92.78,14.52,1347.0,13.64,1
2024-07-05T07:40:00,93.71,14.93,1399.2,13.63,1
2024-07-05T07:45:00,93.6,16.0,1497.3,13.56,1
2024-07-05T07:50:00,94.5,16.09,1520.3,13.57,1
2024-07-05T07:55:00,94.2,16.86,1588.3,13.69,1
2024-07-05T08:00:00,95.19,17.76,1690.7,13.73,1
2024-07-05T08:05:00,97.04,17.86,1733.2,13.72,1
2024-07-05T08:10:00,96.57,18.59,1795.4,13.64,1
2024-07-05T08:15:00,98.11,19.09,1873.3,13.78,1
2024-07-05T08:20:00,97.69,19.77,1930.9,13.83,1
2024-07-05T08:25:00,98.73,19.92,1967.0,13.7,1
2024-07-05T08:30:00,99.67,20.77,2069.9,13.76,1
2024-07-05T08:35:00,100.12,21.02,2104.2,13.75,1
2024-07-05T08:40:00,101.53,21.63,2195.8,13.83,1
2024-07-05T08:45:00,100.99,22.13,2234.7,13.83,1
2024-07-05T08:50:00,102.18,22.64,2313.3,13.85,1
2024-07-05T08:55:00,101.87,22.97,2340.2,13.83,1
2024-07-05T09:00:00,103.02,23.54,2425.0,13.87,1
2024-07-05T09:05:00,103.34,23.89,2468.8,13.95,1
2024-07-05T09:10:00,104.57,24.34,2545.3,13.87,1
2024-07-05T09:15:00,103.7,24.99,2591.7,13.94,1
2024-07-05T09:20:00,105.52,25.26,2665.4,13.97,1
2024-07-05T09:25:00,105.72,25.79,2726.4,13.95,1
2024-07-05T09:30:00,106.96,25.82,2761.2,14.04,1
2024-07-05T09:35:00,106.49,26.33,2803.5,13.92,1
2024-07-05T09:40:00,107.97,26.41,2851.4,13.99,1
2024-07-05T09:45:00,106.79,26.97,2879.7,14.01,1
2024-07-05T09:50:00,108.87,27.28,2969.7,13.99,1
2024-07-05T09:55:00,108.8,27.55,2997.2,14.09,1
2024-07-05T10:00:00,109.19,28.22,3081.4,14.14,1
2024-07-05T10:05:00,110.49,28.37,3134.8,14.08,1
2024-07-05T10:10:00,109.83,28.65,3146.5,14.1,1
2024-07-05T10:15:00,110.88,28.89,3202.8,14.08,1
2024-07-05T10:20:00,110.98,29.14,3233.8,14.17,1
2024-07-05T10:25:00,111.15,29.64,3294.5,14.16,1
2024-07-05T10:30:00,111.5,30.02,3347.0,14.23,1
2024-07-05T10:35:00,111.32,30.08,3348.0,14.18,1
2024-07-05T10:40:00,112.83,30.09,3394.7,14.2,1
2024-07-05T10:45:00,112.86,30.4,3431.3,14.2,1
2024-07-05T10:50:00,113.48,30.55,3466.9,14.19,1
2024-07-05T10:55:00,112.51,31.09,3498.2,14.18,1
2024-07-05T11:00:00,113.03,31.13,3518.9,14.16,1
2024-07-05T11:05:00,113.26,31.26,3540.7,14.25,1
2024-07-05T11:10:00,114.46,31.34,3586.9,14.28,1
2024-07-05T11:15:00,113.75,31.63,3597.8,14.17,1
2024-07-05T11:20:00,115.2,31.64,3645.3,14.3,1
2024-07-05T11:25:00,115.01,31.94,3673.4,14.28,1
2024-07-05T11:30:00,115.06,32.05,3687.9,14.23,1
2024-07-05T11:35:00,114.39,32.24,3688.4,14.23,1
2024-07-05T11:40:00,114.47,32.39,3708.1,14.21,1
2024-07-05T11:45:00,115.59,32.22,3724.5,14.21,1
2024-07-05T11:50:00,115.65,32.64,3775.2,14.26,1
2024-07-05T11:55:00,116.04,32.3,3748.0,14.26,1
2024-07-05T12:00:00,114.81,32.74,3759.4,14.28,1
2024-07-05T12:05:00,116.28,32.5,3778.6,14.3,1
2024-07-05T12:10:00,115.94,32.56,3775.1,14.34,1
2024-07-05T12:15:00,115.93,32.84,3807.6,14.27,1
2024-07-05T12:20:00,116.45,32.55,3790.6,14.3,1
2024-07-05T12:25:00,115.83,32.86,3805.9,14.25,1
2024-07-05T12:30:00,115.66,32.96,3812.6,14.24,1
2024-07-05T12:35:00,116.26,32.7,3802.0,14.24,1
2024-07-05T12:40:00,116.24,32.67,3797.8,14.34,1
2024-07-05T12:45:00,115.26,32.99,3802.1,14.27,1
2024-07-05T12:50:00,115.98,32.71,3793.5,14.37,1
2024-07-05T12:55:00,115.81,32.65,3781.0,14.27,1
2024-07-05T13:00:00,115.42,32.64,3767.3,14.2,1
2024-07-05T13:05:00,115.9,32.32,3745.5,14.28,1
2024-07-05T13:10:00,115.32,32.6,3759.1,14.35,1
2024-07-05T13:15:00,114.69,32.65,3745.0,14.23,1
2024-07-05T13:20:00,116.06,32.23,3740.9,14.23,1
2024-07-05T13:25:00,114.81,31.95,3668.5,14.35,1
2024-07-05T13:30:00,115.0,32.02,3682.5,14.23,1
2024-07-05T13:35:00,114.53,32.28,3696.7,14.25,1
2024-07-05T13:40:00,114.53,31.65,3624.5,14.21,1
2024-07-05T13:45:00,115.05,31.6,3635.7,14.28,1
2024-07-05T13:50:00,114.21,31.6,3609.3,14.2,1
2024-07-05T13:55:00,113.49,31.37,3559.9,14.23,1
2024-07-05T14:00:00,113.98,30.67,3496.2,14.27,1
2024-07-05T14:05:00,113.94,30.66,3493.7,14.26,1
2024-07-05T14:10:00,112.37,30.8,3461.4,14.24,1
2024-07-05T14:15:00,112.33,30.51,3427.0,14.09,1
2024-07-05T14:20:00,112.03,30.45,3411.7,14.14,1
2024-07-05T14:25:00,112.1,29.91,3352.7,14.11,1
2024-07-05T14:30:00,111.16,29.77,3309.2,14.11,1
2024-07-05T14:35:00,110.04,29.57,3253.5,14.2,1
2024-07-05T14:40:00,110.18,29.49,3248.7,14.08,1
2024-07-05T14:45:00,111.07,28.7,3187.4,14.14,1
2024-07-05T14:50:00,110.17,28.61,3152.0,14.0,1
2024-07-05T14:55:00,110.64,28.26,3127.2,14.15,1
2024-07-05T15:00:00,109.17,28.27,3085.8,14.06,1
2024-07-05T15:05:00,109.02,27.6,3009.4,14.15,1
2024-07-05T15:10:00,107.62,27.39,2947.3,13.96,1
2024-07-05T15:15:00,107.89,27.12,2925.4,14.03,1
2024-07-05T15:20:00,107.51,26.77,2878.1,14.07,1
2024-07-05T15:25:00,107.07,26.43,2830.2,13.96,1
2024-07-05T15:30:00,106.32,26.12,2777.3,13.96,1
2024-07-05T15:35:00,106.22,25.37,2695.1,13.99,1
2024-07-05T15:40:00,105.09,25.21,2649.4,14.0,1
2024-07-05T15:45:00,104.29,24.8,2586.0,13.99,1
2024-07-05T15:50:00,104.45,24.38,2546.4,13.91,1
2024-07-05T15:55:00,104.18,23.83,2482.7,13.97,1
2024-07-05T16:00:00,103.02,23.61,2432.2,13.8,1
2024-07-05T16:05:00,102.54,23.07,2366.0,13.88,1
2024-07-05T16:10:00,101.55,22.64,2299.4,13.83,1
2024-07-05T16:15:00,101.6,22.09,2244.4,13.93,1
2024-07-05T16:20:00,100.24,21.59,2163.6,13.87,1
2024-07-05T16:25:00,100.58,21.06,2118.2,13.76,1
2024-07-05T16:30:00,100.07,20.64,2065.3,13.82,1
2024-07-05T16:35:00,98.63,20.07,1979.8,13.73,1
2024-07-05T16:40:00,97.42,19.46,1896.2,13.76,1
2024-07-05T16:45:00,98.29,18.96,1863.5,13.73,1
2024-07-05T16:50:00,97.15,18.52,1799.2,13.76,1
2024-07-05T16:55:00,96.22,18.11,1742.8,13.71,1
2024-07-05T17:00:00,96.7,17.51,1693.5,13.72,1
2024-07-05T17:05:00,95.32,16.74,1596.2,13.66,1
2024-07-05T17:10:00,94.43,16.56,1563.6,13.7,1
2024-07-05T17:15:00,94.67,15.51,1468.0,13.7,1
2024-07-05T17:20:00,92.8,15.28,1418.2,13.64,1
2024-07-05T17:25:00,92.04,14.5,1334.9,13.55,1
2024-07-05T17:30:00,92.0,13.9,1278.4,13.57,1
2024-07-05T17:35:00,92.01,13.48,1240.4,13.57,1
2024-07-05T17:40:00,90.96,12.78,1162.9,13.52,1
2024-07-05T17:45:00,90.47,11.67,1055.9,13.45,1
2024-07-05T17:50:00,89.3,11.63,1038.6,13.44,1
2024-07-05T17:55:00,89.06,10.78,959.9,13.51,1
2024-07-05T18:00:00,89.67,10.16,911.0,13.56,1
2024-07-05T18:05:00,87.57,9.34,817.6,13.34,1
2024-07-05T18:10:00,88.18,8.91,785.6,13.46,1
2024-07-05T18:15:00,87.31,8.18,714.1,13.38,1
2024-07-05T18:20:00,86.54,7.75,671.0,13.34,1
2024-07-05T18:25:00,85.86,6.93,595.1,13.42,1
2024-07-05T18:30:00,85.44,6.07,518.4,13.34,1
2024-07-05T18:35:00,84.51,5.58,471.2,13.28,1
2024-07-05T18:40:00,84.07,4.91,412.5,13.32,1
2024-07-05T18:45:00,83.64,4.33,361.9,13.35,1
2024-07-05T18:50:00,83.07,3.99,331.5,13.25,1
2024-07-05T18:55:00,83.28,3.37,280.4,13.29,1
2024-07-05T19:00:00,82.45,2.61,214.9,13.24,1
2024-07-05T19:05:00,81.68,2.2,179.6,13.29,1
2024-07-05T19:10:00,81.91,1.8,147.5,13.21,1
2024-07-05T19:15:00,80.37,1.25,100.6,13.19,1
2024-07-05T19:20:00,79.94,0.75,60.1,13.23,1
2024-07-05T19:25:00,81.16,0.27,22.0,13.2,1
2024-07-05T19:30:00,0.0,0.0,0.9,0.0,0
2024-07-05T19:35:00,0.0,0.0,0.0,0.0,0
2024-07-05T19:40:00,80.6,0.28,22.2,13.25,1
2024-07-05T19:45:00,0.0,0.0,0.0,0.0,0
2024-07-05T19:50:00,0.0,0.0,3.6,0.0,0
2024-07-05T19:55:00,80.37,0.34,27.7,13.23,1
2024-07-05T20:00:00,0.0,0.0,0.0,0.0,0
2024-07-05T20:05:00,0.0,0.0,3.5,0.0,0
2024-07-05T20:10:00,0.0,0.0,0.0,0.0,0
2024-07-05T20:15:00,0.0,0.0,0.0,0.0,0
2024-07-05T20:20:00,79.81,0.26,20.6,13.12,1
2024-07-05T20:25:00,81.07,0.22,17.9,13.28,0
2024-07-05T20:30:00,0.0,0.0,0.0,0.0,0
2024-07-05T20:35:00,0.0,0.0,4.3,0.0,0
2024-07-05T20:40:00,0.0,0.0,0.0,0.0,0
2024-07-05T20:45:00,0.0,0.0,7.7,0.0,0
2024-07-05T20:50:00,0.0,0.0,0.0,0.0,0
2024-07-05T20:55:00,0.0,0.0,0.0,0.0,0
2024-07-05T21:00:00,0.0,0.0,9.4,0.0,0
2024-07-05T21:05:00,0.0,0.0,0.0,0.0,0
2024-07-05T21:10:00,0.0,0.0,0.0,0.0,0
2024-07-05T21:15:00,0.0,0.0,0.0,0.0,0
2024-07-05T21:20:00,0.0,0.0,0.0,0.0,0
2024-07-05T21:25:00,0.0,0.0,0.0,0.0,0
2024-07-05T21:30:00,0.0,0.0,6.4,0.0,0
2024-07-05T21:35:00,0.0,0.0,0.0,0.0,0
2024-07-05T21:40:00,0.0,0.0,0.0,0.0,0
2024-07-05T21:45:00,80.28,0.23,18.6,13.13,0
2024-07-05T21:50:00,78.89,0.18,14.0,13.14,0
2024-07-05T21:55:00,80.38,0.17,13.5,13.12,0
2024-07-05T22:00:00,0.0,0.0,0.0,0.0,0
2024-07-05T22:05:00,0.0,0.0,0.0,0.0,0
2024-07-05T22:10:00,80.3,0.16,12.8,13.28,0
2024-07-05T22:15:00,80.13,0.16,12.9,13.14,0
2024-07-05T22:20:00,80.5,0.44,35.3,13.2,1
2024-07-05T22:25:00,0.0,0.0,0.0,0.0,0
2024-07-05T22:30:00,80.04,0.2,16.1,13.27,0
2024-07-05T22:35:00,0.0,0.0,0.0,0.0,0
2024-07-05T22:40:00,80.0,0.13,10.8,13.19,0
2024-07-05T22:45:00,0.0,0.0,0.7,0.0,0
2024-07-05T22:50:00,0.0,0.0,0.0,0.0,0
2024-07-05T22:55:00,0.0,0.0,0.0,0.0,0
2024-07-05T23:00:00,0.0,0.0,1.9,0.0,0
2024-07-05T23:05:00,0.0,0.0,0.0,0.0,0
2024-07-05T23:10:00,0.0,0.0,0.0,0.0,0
2024-07-05T23:15:00,80.27,0.33,26.8,13.14,1
2024-07-05T23:20:00,0.0,0.0,9.5,0.0,0
2024-07-05T23:25:00,0.0,0.0,1.3,0.0,0
2024-07-05T23:30:00,0.0,0.0,4.7,0.0,0
2024-07-05T23:35:00,0.0,0.0,0.0,0.0,0
2024-07-05T23:40:00,0.0,0.0,0.0,0.0,0
2024-07-05T23:45:00,0.0,0.0,1.8,0.0,0
2024-07-05T23:50:00,79.47,0.22,17.6,13.21,0
2024-07-05T23:55:00,0.0,0.0,0.0,0.0,0
2024-07-06T00:00:00,0.0,0.0,0.0,0.0,0
2024-07-06T00:05:00,80.67,0.3,24.1,13.26,1
2024-07-06T00:10:00,0.0,0.0,6.1,0.0,0
2024-07-06T00:15:00,0.0,0.0,8.1,0.0,0
2024-07-06T00:20:00,0.0,0.0,0.0,0.0,0
2024-07-06T00:25:00,0.0,0.0,0.0,0.0,0
2024-07-06T00:30:00,0.0,0.0,0.8,0.0,0
2024-07-06T00:35:00,0.0,0.0,8.8,0.0,0
2024-07-06T00:40:00,0.0,0.0,0.0,0.0,0
2024-07-06T00:45:00,0.0,0.0,0.0,0.0,0
2024-07-06T00:50:00,0.0,0.0,0.0,0.0,0
2024-07-06T00:55:00,0.0,0.0,0.0,0.0,0
2024-07-06T01:00:00,0.0,0.0,0.0,0.0,0
2024-07-06T01:05:00,79.95,0.24,18.9,13.3,0
2024-07-06T01:10:00,0.0,0.0,0.0,0.0,0
2024-07-06T01:15:00,0.0,0.0,2.1,0.0,0
2024-07-06T01:20:00,0.0,0.0,0.0,0.0,0
2024-07-06T01:25:00,0.0,0.0,7.1,0.0,0
2024-07-06T01:30:00,0.0,0.0,0.0,0.0,0
2024-07-06T01:35:00,0.0,0.0,0.0,0.0,0
2024-07-06T01:40:00,80.01,0.13,10.6,13.22,0
2024-07-06T01:45:00,80.53,0.43,34.5,13.18,1
2024-07-06T01:50:00,0.0,0.0,0.0,0.0,0
2024-07-06T01:55:00,0.0,0.0,8.8,0.0,0
2024-07-06T02:00:00,0.0,0.0,0.0,0.0,0
2024-07-06T02:05:00,0.0,0.0,7.8,0.0,0
2024-07-06T02:10:00,0.0,0.0,7.0,0.0,0
2024-07-06T02:15:00,0.0,0.0,0.0,0.0,0
2024-07-06T02:20:00,0.0,0.0,0.0,0.0,0
2024-07-06T02:25:00,81.27,0.28,22.7,13.15,1
2024-07-06T02:30:00,0.0,0.0,0.5,0.0,0
2024-07-06T02:35:00,80.54,0.18,14.4,13.17,0
2024-07-06T02:40:00,80.98,0.15,12.2,13.22,0
2024-07-06T02:45:00,0.0,0.0,0.0,0.0,0
2024-07-06T02:50:00,0.0,0.0,0.0,0.0,0
2024-07-06T02:55:00,80.09,0.27,21.5,13.17,1
2024-07-06T03:00:00,80.54,0.22,18.0,13.2,0
2024-07-06T03:05:00,0.0,0.0,3.6,0.0,0
2024-07-06T03:10:00,0.0,0.0,3.0,0.0,0
2024-07-06T03:15:00,0.0,0.0,0.0,0.0,0
2024-07-06T03:20:00,0.0,0.0,1.3,0.0,0
2024-07-06T03:25:00,0.0,0.0,0.0,0.0,0
2024-07-06T03:30:00,0.0,0.0,0.0,0.0,0
2024-07-06T03:35:00,0.0,0.0,0.0,0.0,0
2024-07-06T03:40:00,0.0,0.0,0.0,0.0,0
2024-07-06T03:45:00,0.0,0.0,0.0,0.0,0
2024-07-06T03:50:00,0.0,0.0,0.0,0.0,0
2024-07-06T03:55:00,79.76,0.28,22.3,13.22,1
2024-07-06T04:00:00,0.0,0.0,0.0,0.0,0
2024-07-06T04:05:00,0.0,0.0,0.0,0.0,0
2024-07-06T04:10:00,0.0,0.0,0.0,0.0,0
2024-07-06T04:15:00,79.5,0.13,10.3,13.2,0
2024-07-06T04:20:00,80.83,0.27,21.7,13.22,1
2024-07-06T04:25:00,0.0,0.0,9.9,0.0,0
2024-07-06T04:30:00,80.65,0.5,40.2,13.18,1
2024-07-06T04:35:00,0.0,0.0,0.0,0.0,0
2024-07-06T04:40:00,0.0,0.0,0.0,0.0,0
2024-07-06T04:45:00,0.0,0.0,3.2,0.0,0
2024-07-06T04:50:00,0.0,0.0,0.0,0.0,0
2024-07-06T04:55:00,0.0,0.0,5.2,0.0,0
2024-07-06T05:00:00,0.0,0.0,0.0,0.0,0
2024-07-06T05:05:00,0.0,0.0,2.0,0.0,0
2024-07-06T05:10:00,0.0,0.0,0.0,0.0,0
2024-07-06T05:15:00,79.77,0.2,16.3,13.11,0
2024-07-06T05:20:00,79.71,0.21,16.3,13.24,0
2024-07-06T05:25:00,0.0,0.0,0.0,0.0,0
2024-07-06T05:30:00,80.48,0.25,20.0,13.24,0
2024-07-06T05:35:00,80.49,0.17,13.9,13.22,0
2024-07-06T05:40:00,79.91,0.18,14.3,13.16,0
2024-07-06T05:45:00,0.0,0.0,3.9,0.0,0
2024-07-06T05:50:00,0.0,0.0,0.0,0.0,0
2024-07-06T05:55:00,0.0,0.0,0.0,0.0,0
2024-07-06T06:00:00,81.84,2.45,200.7,13.26,1
2024-07-06T06:05:00,82.55,3.25,268.1,13.28,1
2024-07-06T06:10:00,83.0,4.03,334.5,13.33,1
2024-07-06T06:15:00,83.55,4.35,363.2,13.31,1
2024-07-06T06:20:00,83.66,4.88,408.5,13.22,1
2024-07-06T06:25:00,84.69,5.77,489.1,13.36,1
2024-07-06T06:30:00,85.12,6.5,553.1,13.4,1
2024-07-06T06:35:00,85.56,6.99,597.6,13.36,1
2024-07-06T06:40:00,86.47,7.74,669.2,13.42,1
2024-07-06T06:45:00,86.93,7.94,690.1,13.32,1
2024-07-06T06:50:00,88.45,8.84,782.3,13.44,1
2024-07-06T06:55:00,88.8,9.72,863.2,13.41,1
2024-07-06T07:00:00,88.54,10.34,915.5,13.48,1
2024-07-06T07:05:00,88.91,10.91,970.3,13.56,1
2024-07-06T07:10:00,89.74,11.16,1001.7,13.49,1
2024-07-06T07:15:00,90.04,12.06,1086.0,13.47,1
2024-07-06T07:20:00,90.98,12.55,1141.4,13.53,1
2024-07-06T07:25:00,92.83,13.08,1214.1,13.47,1
2024-07-06T07:30:00,92.6,13.79,1276.8,13.55,1
2024-07-06T07:35:00,93.3,14.23,1327.8,13.5,1
2024-07-06T07:40:00,92.7,14.82,1374.1,13.58,1
2024-07-06T07:45:00,93.86,15.73,1476.8,13.65,1
2024-07-06T07:50:00,95.06,16.37,1556.1,13.67,1
2024-07-06T07:55:00,95.17,16.73,1592.0,13.64,1
2024-07-06T08:00:00,95.34,17.48,1666.3,13.69,1
2024-07-06T08:05:00,97.42,17.99,1752.8,13.7,1
2024-07-06T08:10:00,97.86,18.54,1814.3,13.7,1
2024-07-06T08:15:00,97.82,19.21,1879.0,13.75,1
2024-07-06T08:20:00,97.64,19.78,1931.4,13.77,1
2024-07-06T08:25:00,98.56,20.15,1986.2,13.73,1
2024-07-06T08:30:00,99.4,20.73,2060.4,13.81,1
2024-07-06T08:35:00,101.22,21.25,2150.4,13.83,1
2024-07-06T08:40:00,101.34,21.63,2191.8,13.85,1
2024-07-06T08:45:00,101.83,22.09,2249.8,13.84,1
2024-07-06T08:50:00,100.97,22.49,2270.9,13.76,1
2024-07-06T08:55:00,102.79,22.79,2342.2,13.81,1
2024-07-06T09:00:00,102.89,23.69,2437.3,13.92,1
2024-07-06T09:05:00,103.41,23.8,2461.1,13.83,1
2024-07-06T09:10:00,104.77,24.22,2538.0,13.99,1
2024-07-06T09:15:00,104.95,24.91,2614.3,13.92,1
2024-07-06T09:20:00,104.88,25.11,2633.9,13.95,1
2024-07-06T09:25:00,106.14,25.46,2702.8,13.98,1
2024-07-06T09:30:00,106.83,26.08,2785.8,14.02,1
2024-07-06T09:35:00,107.63,26.55,2857.6,13.99,1
2024-07-06T09:40:00,107.04,26.7,2858.3,14.07,1
2024-07-06T09:45:00,107.91,27.18,2933.5,14.16,1
2024-07-06T09:50:00,108.52,27.27,2959.6,14.02,1
2024-07-06T09:55:00,108.77,27.61,3003.2,14.06,1
2024-07-06T10:00:00,108.9,28.2,3071.2,14.08,1
2024-07-06T10:05:00,109.24,28.4,3103.0,14.04,1
2024-07-06T10:10:00,111.22,28.37,3155.7,14.14,1
2024-07-06T10:15:00,109.73,29.15,3199.0,14.23,1
2024-07-06T10:20:00,109.91,29.44,3235.4,14.06,1
2024-07-06T10:25:00,111.1,29.53,3280.8,14.16,1
2024-07-06T10:30:00,111.42,29.72,3311.3,14.19,1
2024-07-06T10:35:00,111.53,29.82,3325.7,14.21,1
2024-07-06T10:40:00,113.17,29.95,3389.7,14.14,1
2024-07-06T10:45:00,111.75,30.64,3424.2,14.19,1
2024-07-06T10:50:00,113.5,30.62,3474.7,14.21,1
2024-07-06T10:55:00,113.01,30.93,3495.9,14.14,1
2024-07-06T11:00:00,113.51,30.9,3507.6,14.24,1
2024-07-06T11:05:00,114.05,31.15,3553.3,14.2,1
2024-07-06T11:10:00,114.46,31.2,3571.6,14.15,1
2024-07-06T11:15:00,114.99,31.39,3609.8,14.14,1
2024-07-06T11:20:00,115.15,31.63,3642.3,14.25,1
2024-07-06T11:25:00,115.58,31.74,3668.3,14.18,1
2024-07-06T11:30:00,114.89,31.99,3675.8,14.25,1
2024-07-06T11:35:00,115.64,31.66,3661.8,14.25,1
2024-07-06T11:40:00,114.5,32.54,3725.8,14.34,1
2024-07-06T11:45:00,115.04,32.65,3756.2,14.3,1
2024-07-06T11:50:00,114.86,32.55,3738.5,14.26,1
2024-07-06T11:55:00,115.02,32.58,3747.2,14.26,1
2024-07-06T12:00:00,115.0,32.9,3784.1,14.29,1
2024-07-06T12:05:00,115.74,32.7,3784.1,14.2,1
2024-07-06T12:10:00,116.55,32.68,3809.5,14.27,1
2024-07-06T12:15:00,115.98,32.6,3781.1,14.21,1
2024-07-06T12:20:00,116.4,32.82,3819.7,14.22,1
2024-07-06T12:25:00,117.51,32.51,3820.7,14.25,1
2024-07-06T12:30:00,117.15,32.44,3800.2,14.27,1
2024-07-06T12:35:00,115.59,32.69,3779.1,14.3,1
2024-07-06T12:40:00,115.41,32.86,3792.3,14.22,1
2024-07-06T12:45:00,116.21,32.43,3769.2,14.22,1
2024-07-06T12:50:00,115.95,32.65,3785.7,14.22,1
2024-07-06T12:55:00,117.06,32.48,3802.1,14.36,1
2024-07-06T13:00:00,116.4,32.59,3793.5,14.2,1
2024-07-06T13:05:00,114.93,32.66,3754.1,14.3,1
2024-07-06T13:10:00,115.82,32.36,3748.5,14.34,1
2024-07-06T13:15:00,115.78,32.34,3744.1,14.28,1
2024-07-06T13:20:00,114.78,32.48,3728.2,14.19,1
2024-07-06T13:25:00,115.3,32.19,3712.0,14.38,1
2024-07-06T13:30:00,115.78,31.85,3688.3,14.15,1
2024-07-06T13:35:00,115.56,31.9,3685.9,14.18,1
2024-07-06T13:40:00,114.85,31.56,3624.3,14.32,1
2024-07-06T13:45:00,113.7,31.65,3598.9,14.21,1
2024-07-06T13:50:00,114.48,31.27,3580.3,14.17,1
2024-07-06T13:55:00,113.98,31.36,3574.3,14.28,1
2024-07-06T14:00:00,112.82,31.39,3541.6,14.21,1
2024-07-06T14:05:00,112.89,31.18,3520.0,14.16,1
2024-07-06T14:10:00,112.69,30.84,3476.0,14.22,1
2024-07-06T14:15:00,111.72,30.47,3404.0,14.12,1
2024-07-06T14:20:00,113.01,30.13,3405.1,14.13,1
2024-07-06T14:25:00,111.56,29.95,3341.5,14.14,1
2024-07-06T14:30:00,112.08,29.61,3318.6,14.17,1
2024-07-06T14:35:00,111.08,29.37,3263.0,14.22,1
2024-07-06T14:40:00,110.33,29.26,3228.7,14.14,1
2024-07-06T14:45:00,111.02,28.91,3209.4,14.13,1
2024-07-06T14:50:00,110.16,28.53,3143.2,14.1,1
2024-07-06T14:55:00,109.7,28.47,3123.0,14.04,1
2024-07-06T15:00:00,108.59,28.21,3063.6,14.03,1
2024-07-06T15:05:00,108.4,27.73,3006.2,14.07,1
2024-07-06T15:10:00,108.42,27.54,2986.2,14.09,1
2024-07-06T15:15:00,107.41,26.86,2885.2,14.01,1
2024-07-06T15:20:00,107.27,26.75,2869.9,13.99,1
2024-07-06T15:25:00,106.51,26.27,2797.7,14.02,1
2024-07-06T15:30:00,105.87,25.95,2747.4,13.92,1
2024-07-06T15:35:00,105.21,25.73,2707.1,13.96,1
2024-07-06T15:40:00,105.07,25.38,2666.8,14.01,1
2024-07-06T15:45:00,104.97,24.75,2598.1,13.94,1
2024-07-06T15:50:00,104.61,24.42,2554.9,13.9,1
2024-07-06T15:55:00,103.29,23.92,2470.7,13.89,1
2024-07-06T16:00:00,104.14,23.56,2453.2,13.89,1
2024-07-06T16:05:00,102.41,23.19,2374.9,13.85,1
2024-07-06T16:10:00,102.49,22.42,2297.4,13.76,1
2024-07-06T16:15:00,102.12,22.06,2253.2,13.78,1
2024-07-06T16:20:00,99.95,21.53,2152.3,13.82,1
2024-07-06T16:25:00,100.35,21.02,2109.2,13.83,1
2024-07-06T16:30:00,99.49,20.72,2061.9,13.86,1
2024-07-06T16:35:00,98.89,20.09,1986.8,13.77,1
2024-07-06T16:40:00,98.35,19.52,1920.1,13.77,1
2024-07-06T16:45:00,98.06,18.9,1853.2,13.77,1
2024-07-06T16:50:00,97.13,18.39,1786.0,13.64,1
2024-07-06T16:55:00,95.6,18.3,1749.1,13.75,1
2024-07-06T17:00:00,95.29,17.39,1657.0,13.72,1
2024-07-06T17:05:00,94.92,16.92,1606.4,13.71,1
2024-07-06T17:10:00,94.95,16.41,1558.5,13.64,1
2024-07-06T17:15:00,94.63,15.58,1474.8,13.63,1
2024-07-06T17:20:00,92.94,15.19,1411.4,13.6,1
2024-07-06T17:25:00,93.35,14.48,1351.9,13.56,1
2024-07-06T17:30:00,92.46,13.63,1260.2,13.59,1
2024-07-06T17:35:00,92.42,13.3,1229.7,13.52,1
2024-07-06T17:40:00,91.07,12.87,1172.5,13.49,1
2024-07-06T17:45:00,89.94,12.01,1079.8,13.57,1
2024-07-06T17:50:00,89.2,11.79,1051.7,13.47,1
2024-07-06T17:55:00,89.85,10.7,961.1,13.46,1
2024-07-06T18:00:00,88.56,10.3,912.4,13.51,1
2024-07-06T18:05:00,88.32,9.35,825.6,13.42,1
2024-07-06T18:10:00,86.73,8.97,778.1,13.44,1
2024-07-06T18:15:00,86.75,8.59,745.4,13.44,1
2024-07-06T18:20:00,86.72,7.41,642.4,13.39,1
2024-07-06T18:25:00,85.98,6.79,584.2,13.37,1
2024-07-06T18:30:00,85.22,6.31,537.4,13.34,1
2024-07-06T18:35:00,85.23,5.53,471.3,13.3,1
2024-07-06T18:40:00,84.15,5.12,431.1,13.31,1
2024-07-06T18:45:00,82.4,4.25,350.1,13.22,1
2024-07-06T18:50:00,82.75,3.76,311.4,13.26,1
2024-07-06T18:55:00,83.07,3.14,260.5,13.29,1
2024-07-06T19:00:00,81.28,2.41,195.8,13.32,1
2024-07-06T19:05:00,81.51,2.08,169.9,13.22,1
2024-07-06T19:10:00,81.85,1.71,140.1,13.21,1
2024-07-06T19:15:00,80.26,1.21,97.3,13.15,1
2024-07-06T19:20:00,80.81,0.72,57.8,13.28,1
2024-07-06T19:25:00,80.49,0.15,11.9,13.14,0
2024-07-06T19:30:00,79.69,0.21,16.9,13.31,0
2024-07-06T19:35:00,80.72,0.25,20.3,13.2,1
2024-07-06T19:40:00,79.51,0.37,29.7,13.17,1
2024-07-06T19:45:00,80.98,0.19,15.1,13.2,0
2024-07-06T19:50:00,80.47,0.14,11.6,13.21,0
2024-07-06T19:55:00,0.0,0.0,7.6,0.0,0
2024-07-06T20:00:00,0.0,0.0,0.0,0.0,0
2024-07-06T20:05:00,0.0,0.0,0.0,0.0,0
2024-07-06T20:10:00,80.45,0.17,13.9,13.26,0
2024-07-06T20:15:00,0.0,0.0,1.2,0.0,0
2024-07-06T20:20:00,0.0,0.0,1.3,0.0,0
2024-07-06T20:25:00,0.0,0.0,0.0,0.0,0
2024-07-06T20:30:00,0.0,0.0,5.2,0.0,0
2024-07-06T20:35:00,0.0,0.0,0.0,0.0,0
2024-07-06T20:40:00,0.0,0.0,0.0,0.0,0
2024-07-06T20:45:00,0.0,0.0,0.0,0.0,0
2024-07-06T20:50:00,0.0,0.0,0.0,0.0,0
2024-07-06T20:55:00,0.0,0.0,8.0,0.0,0
2024-07-06T21:00:00,0.0,0.0,2.5,0.0,0
2024-07-06T21:05:00,0.0,0.0,0.0,0.0,0
2024-07-06T21:10:00,0.0,0.0,0.0,0.0,0
2024-07-06T21:15:00,0.0,0.0,9.7,0.0,0
2024-07-06T21:20:00,0.0,0.0,0.0,0.0,0
2024-07-06T21:25:00,80.12,0.15,12.1,13.21,0
2024-07-06T21:30:00,0.0,0.0,0.0,0.0,0
2024-07-06T21:35:00,0.0,0.0,0.0,0.0,0
2024-07-06T21:40:00,80.09,0.14,11.1,13.17,0
2024-07-06T21:45:00,0.0,0.0,0.0,0.0,0
2024-07-06T21:50:00,0.0,0.0,0.0,0.0,0
2024-07-06T21:55:00,0.0,0.0,0.0,0.0,0
2024-07-06T22:00:00,0.0,0.0,0.0,0.0,0
2024-07-06T22:05:00,80.39,0.26,20.7,13.24,1
2024-07-06T22:10:00,80.65,0.37,30.1,13.21,1
2024-07-06T22:15:00,0.0,0.0,0.0,0.0,0
2024-07-06T22:20:00,0.0,0.0,0.0,0.0,0
2024-07-06T22:25:00,0.0,0.0,0.0,0.0,0
2024-07-06T22:30:00,80.05,0.19,15.4,13.21,0
2024-07-06T22:35:00,0.0,0.0,0.0,0.0,0
2024-07-06T22:40:00,0.0,0.0,7.4,0.0,0
2024-07-06T22:45:00,0.0,0.0,3.0,0.0,0
2024-07-06T22:50:00,0.0,0.0,0.0,0.0,0
2024-07-06T22:55:00,80.33,0.22,17.4,13.24,0
2024-07-06T23:00:00,79.38,0.17,13.6,13.15,0
2024-07-06T23:05:00,0.0,0.0,5.8,0.0,0
2024-07-06T23:10:00,79.78,0.27,21.8,13.19,1
2024-07-06T23:15:00,0.0,0.0,0.0,0.0,0
2024-07-06T23:20:00,0.0,0.0,0.0,0.0,0
2024-07-06T23:25:00,0.0,0.0,0.0,0.0,0
2024-07-06T23:30:00,0.0,0.0,0.0,0.0,0
2024-07-06T23:35:00,80.22,0.17,13.5,13.14,0
2024-07-06T23:40:00,0.0,0.0,0.0,0.0,0
2024-07-06T23:45:00,0.0,0.0,0.0,0.0,0
2024-07-06T23:50:00,0.0,0.0,0.0,0.0,0
2024-07-06T23:55:00,80.1,0.16,12.7,13.24,0
2024-07-07T00:00:00,80.94,0.14,11.2,13.21,0
2024-07-07T00:05:00,0.0,0.0,0.0,0.0,0
2024-07-07T00:10:00,79.53,0.13,10.0,13.26,0
2024-07-07T00:15:00,0.0,0.0,0.0,0.0,0
2024-07-07T00:20:00,0.0,0.0,0.0,0.0,0
2024-07-07T00:25:00,0.0,0.0,0.0,0.0,0
2024-07-07T00:30:00,0.0,0.0,9.9,0.0,0
2024-07-07T00:35:00,0.0,0.0,0.0,0.0,0
2024-07-07T00:40:00,0.0,0.0,0.0,0.0,0
2024-07-07T00:45:00,0.0,0.0,0.0,0.0,0
2024-07-07T00:50:00,79.75,0.17,13.2,13.18,0
2024-07-07T00:55:00,0.0,0.0,0.0,0.0,0
2024-07-07T01:00:00,79.56,0.2,15.6,13.12,0
2024-07-07T01:05:00,0.0,0.0,0.0,0.0,0
2024-07-07T01:10:00,0.0,0.0,0.0,0.0,0
2024-07-07T01:15:00,0.0,0.0,0.0,0.0,0
2024-07-07T01:20:00,80.21,0.15,12.1,13.2,0
2024-07-07T01:25:00,0.0,0.0,0.0,0.0,0
2024-07-07T01:30:00,0.0,0.0,7.7,0.0,0
2024-07-07T01:35:00,0.0,0.0,0.0,0.0,0
2024-07-07T01:40:00,0.0,0.0,0.0,0.0,0
2024-07-07T01:45:00,0.0,0.0,0.0,0.0,0
2024-07-07T01:50:00,0.0,0.0,0.0,0.0,0
2024-07-07T01:55:00,79.31,0.22,17.2,13.2,0
2024-07-07T02:00:00,0.0,0.0,0.0,0.0,0
2024-07-07T02:05:00,0.0,0.0,0.0,0.0,0
2024-07-07T02:10:00,80.03,0.34,26.9,13.2,1
2024-07-07T02:15:00,80.88,0.42,34.3,13.26,1
2024-07-07T02:20:00,0.0,0.0,1.2,0.0,0
2024-07-07T02:25:00,0.0,0.0,0.0,0.0,0
2024-07-07T02:30:00,79.76,0.18,14.1,13.23,0
2024-07-07T02:35:00,0.0,0.0,0.0,0.0,0
2024-07-07T02:40:00,79.6,0.16,12.7,13.19,0
2024-07-07T02:45:00,80.22,0.22,17.6,13.25,0
2024-07-07T02:50:00,0.0,0.0,0.0,0.0,0
2024-07-07T02:55:00,80.6,0.27,21.7,13.2,1
2024-07-07T03:00:00,0.0,0.0,9.3,0.0,0
2024-07-07T03:05:00,0.0,0.0,0.0,0.0,0
2024-07-07T03:10:00,0.0,0.0,0.0,0.0,0
2024-07-07T03:15:00,0.0,0.0,0.0,0.0,0
2024-07-07T03:20:00,0.0,0.0,0.0,0.0,0
2024-07-07T03:25:00,79.72,0.24,19.4,13.22,0
2024-07-07T03:30:00,81.27,0.25,20.3,13.16,1
2024-07-07T03:35:00,0.0,0.0,0.0,0.0,0
2024-07-07T03:40:00,0.0,0.0,0.0,0.0,0
2024-07-07T03:45:00,0.0,0.0,0.0,0.0,0
2024-07-07T03:50:00,0.0,0.0,0.0,0.0,0
2024-07-07T03:55:00,0.0,0.0,0.0,0.0,0
2024-07-07T04:00:00,0.0,0.0,0.0,0.0,0
2024-07-07T04:05:00,79.65,0.17,13.8,13.25,0
2024-07-07T04:10:00,0.0,0.0,4.1,0.0,0
2024-07-07T04:15:00,0.0,0.0,0.0,0.0,0
2024-07-07T04:20:00,0.0,0.0,0.0,0.0,0
2024-07-07T04:25:00,0.0,0.0,0.0,0.0,0
2024-07-07T04:30:00,0.0,0.0,0.0,0.0,0
2024-07-07T04:35:00,0.0,0.0,7.3,0.0,0
2024-07-07T04:40:00,0.0,0.0,0.0,0.0,0
2024-07-07T04:45:00,0.0,0.0,0.0,0.0,0
2024-07-07T04:50:00,0.0,0.0,0.0,0.0,0
2024-07-07T04:55:00,0.0,0.0,0.0,0.0,0
2024-07-07T05:00:00,0.0,0.0,5.3,0.0,0
2024-07-07T05:05:00,0.0,0.0,0.0,0.0,0
2024-07-07T05:10:00,0.0,0.0,0.0,0.0,0
2024-07-07T05:15:00,0.0,0.0,0.2,0.0,0
2024-07-07T05:20:00,0.0,0.0,0.0,0.0,0
2024-07-07T05:25:00,0.0,0.0,0.0,0.0,0
2024-07-07T05:30:00,0.0,0.0,1.0,0.0,0
2024-07-07T05:35:00,0.0,0.0,0.0,0.0,0
2024-07-07T05:40:00,0.0,0.0,0.0,0.0,0
2024-07-07T05:45:00,0.0,0.0,0.0,0.0,0
2024-07-07T05:50:00,0.0,0.0,0.0,0.0,0
2024-07-07T05:55:00,80.92,0.23,18.2,13.24,0
2024-07-07T06:00:00,81.85,2.74,224.0,13.27,1
2024-07-07T06:05:00,83.38,3.53,294.1,13.24,1
2024-07-07T06:10:00,82.35,4.01,330.5,13.3,1
2024-07-07T06:15:00,82.86,4.29,355.5,13.31,1
2024-07-07T06:20:00,83.25,5.12,426.3,13.39,1
2024-07-07T06:25:00,84.72,5.91,501.1,13.24,1
2024-07-07T06:30:00,85.44,6.43,549.7,13.28,1
2024-07-07T06:35:00,86.34,6.88,593.8,13.34,1
2024-07-07T06:40:00,86.76,7.8,677.0,13.39,1
2024-07-07T06:45:00,87.19,8.24,718.1,13.38,1
2024-07-07T06:50:00,86.62,8.81,762.8,13.49,1
2024-07-07T06:55:00,89.16,9.23,822.7,13.45,1
2024-07-07T07:00:00,88.96,10.17,905.1,13.43,1
2024-07-07T07:05:00,88.46,10.55,932.8,13.4,1
2024-07-07T07:10:00,89.34,11.45,1022.9,13.47,1
2024-07-07T07:15:00,89.32,12.04,1075.3,13.53,1
2024-07-07T07:20:00,91.47,12.42,1135.7,13.5,1
2024-07-07T07:25:00,90.56,13.58,1230.2,13.55,1
2024-07-07T07:30:00,92.79,13.59,1260.9,13.44,1
2024-07-07T07:35:00,92.66,14.48,1341.4,13.57,1
2024-07-07T07:40:00,92.48,15.11,1397.7,13.58,1
2024-07-07T07:45:00,94.1,15.99,1504.8,13.58,1
2024-07-07T07:50:00,93.83,16.54,1552.2,13.7,1
2024-07-07T07:55:00,96.2,17.1,1645.4,13.66,1
2024-07-07T08:00:00,96.15,17.41,1674.3,13.7,1
2024-07-07T08:05:00,96.44,17.99,1734.6,13.69,1
2024-07-07T08:10:00,96.31,18.64,1794.8,13.6,1
2024-07-07T08:15:00,97.3,19.07,1855.9,13.75,1
2024-07-07T08:20:00,97.96,19.83,1943.0,13.74,1
2024-07-07T08:25:00,99.61,19.96,1988.3,13.73,1
2024-07-07T08:30:00,98.55,20.7,2040.1,13.82,1
2024-07-07T08:35:00,100.83,21.16,2133.3,13.81,1
2024-07-07T08:40:00,100.63,21.67,2180.7,13.8,1
2024-07-07T08:45:00,101.33,22.11,2240.3,13.82,1
2024-07-07T08:50:00,101.71,22.36,2274.6,13.86,1
2024-07-07T08:55:00,102.15,23.19,2368.7,13.8,1
2024-07-07T09:00:00,102.48,23.63,2422.1,13.88,1
2024-07-07T09:05:00,103.44,23.84,2466.2,13.83,1
2024-07-07T09:10:00,103.72,24.53,2544.0,13.99,1
2024-07-07T09:15:00,104.71,24.93,2610.6,13.94,1
2024-07-07T09:20:00,106.47,24.98,2659.2,13.93,1
2024-07-07T09:25:00,105.82,25.75,2724.5,13.96,1
2024-07-07T09:30:00,105.55,26.26,2771.9,13.96,1
2024-07-07T09:35:00,106.65,26.46,2821.4,14.01,1
2024-07-07T09:40:00,107.22,26.92,2886.5,14.0,1
2024-07-07T09:45:00,107.86,26.95,2907.2,14.07,1
2024-07-07T09:50:00,109.13,27.26,2975.0,14.08,1
2024-07-07T09:55:00,108.5,27.73,3008.3,14.02,1
2024-07-07T10:00:00,109.38,27.95,3057.0,14.01,1
2024-07-07T10:05:00,109.63,28.31,3104.0,14.13,1
2024-07-07T10:10:00,110.63,28.51,3154.0,14.13,1
2024-07-07T10:15:00,110.1,29.15,3209.1,14.21,1
2024-07-07T10:20:00,110.24,29.45,3246.6,14.16,1
2024-07-07T10:25:00,111.84,29.46,3295.4,14.15,1
2024-07-07T10:30:00,110.89,29.83,3307.3,14.12,1
2024-07-07T10:35:00,111.32,29.98,3337.9,14.15,1
2024-07-07T10:40:00,111.49,30.81,3435.4,14.24,1
2024-07-07T10:45:00,112.19,30.57,3430.0,14.2,1
2024-07-07T10:50:00,113.3,30.64,3471.4,14.23,1
2024-07-07T10:55:00,113.41,31.01,3516.4,14.25,1
2024-07-07T11:00:00,113.09,31.21,3530.1,14.15,1
2024-07-07T11:05:00,113.44,31.17,3536.1,14.3,1
2024-07-07T11:10:00,114.15,31.36,3580.2,14.13,1
2024-07-07T11:15:00,113.96,31.76,3619.2,14.3,1
2024-07-07T11:20:00,114.39,31.86,3645.1,14.17,1
2024-07-07T11:25:00,114.38,32.05,3665.5,14.21,1
2024-07-07T11:30:00,115.5,32.04,3701.1,14.24,1
2024-07-07T11:35:00,114.96,32.37,3720.7,14.29,1
2024-07-07T11:40:00,116.16,32.2,3739.9,14.22,1
2024-07-07T11:45:00,115.46,32.45,3746.3,14.31,1
2024-07-07T11:50:00,115.01,32.37,3722.5,14.25,1
2024-07-07T11:55:00,115.06,32.52,3742.0,14.22,1
2024-07-07T12:00:00,115.5,32.48,3752.1,14.25,1
2024-07-07T12:05:00,116.81,32.28,3770.3,14.27,1
2024-07-07T12:10:00,116.01,32.71,3794.3,14.31,1
2024-07-07T12:15:00,115.33,32.92,3796.3,14.23,1
2024-07-07T12:20:00,116.25,32.63,3793.4,14.3,1
2024-07-07T12:25:00,116.47,32.65,3802.9,14.34,1
2024-07-07T12:30:00,116.12,32.85,3814.5,14.32,1
2024-07-07T12:35:00,115.87,32.8,3800.1,14.21,1
2024-07-07T12:40:00,116.13,32.78,3806.8,14.28,1
2024-07-07T12:45:00,115.69,32.94,3810.6,14.23,1
2024-07-07T12:50:00,116.08,32.86,3813.8,14.32,1
2024-07-07T12:55:00,116.22,32.59,3787.3,14.28,1
2024-07-07T13:00:00,115.66,32.42,3750.0,14.3,1
2024-07-07T13:05:00,115.56,32.68,3776.0,14.22,1
2024-07-07T13:10:00,116.06,32.11,3726.8,14.25,1
2024-07-07T13:15:00,116.62,32.09,3742.3,14.28,1
2024-07-07T13:20:00,116.17,32.23,3743.7,14.27,1
2024-07-07T13:25:00,115.42,31.99,3692.1,14.18,1
2024-07-07T13:30:00,115.58,31.75,3669.7,14.28,1
2024-07-07T13:35:00,114.15,32.05,3658.0,14.16,1
2024-07-07T13:40:00,115.49,31.39,3625.0,14.22,1
2024-07-07T13:45:00,114.62,31.55,3616.2,14.26,1
2024-07-07T13:50:00,113.68,31.47,3577.5,14.2,1
2024-07-07T13:55:00,113.84,31.06,3536.3,14.29,1
2024-07-07T14:00:00,114.65,30.64,3513.5,14.24,1
2024-07-07T14:05:00,112.75,31.09,3505.1,14.17,1
2024-07-07T14:10:00,112.28,30.83,3461.2,14.17,1
2024-07-07T14:15:00,113.37,30.37,3442.6,14.16,1
2024-07-07T14:20:00,111.96,30.35,3397.6,14.17,1
2024-07-07T14:25:00,111.83,30.1,3366.0,14.21,1
2024-07-07T14:30:00,111.65,29.99,3348.1,14.09,1
2024-07-07T14:35:00,110.91,29.52,3274.3,14.15,1
2024-07-07T14:40:00,110.51,29.23,3229.8,14.12,1
2024-07-07T14:45:00,109.49,29.21,3198.6,14.09,1
2024-07-07T14:50:00,109.61,28.73,3148.8,14.09,1
2024-07-07T14:55:00,109.4,28.59,3127.8,14.13,1
2024-07-07T15:00:00,109.28,28.06,3065.9,14.02,1
2024-07-07T15:05:00,108.65,27.9,3031.4,14.12,1
2024-07-07T15:10:00,107.78,27.44,2958.1,14.04,1
2024-07-07T15:15:00,108.44,26.82,2908.9,13.97,1
2024-07-07T15:20:00,107.48,26.49,2846.9,14.03,1
2024-07-07T15:25:00,106.85,26.38,2818.7,13.92,1
2024-07-07T15:30:00,105.5,26.1,2753.1,14.0,1
2024-07-07T15:35:00,105.11,25.56,2686.7,13.95,1
2024-07-07T15:40:00,104.89,25.31,2655.1,13.99,1
2024-07-07T15:45:00,104.44,24.8,2590.4,14.08,1
2024-07-07T15:50:00,103.47,24.58,2543.4,13.96,1
2024-07-07T15:55:00,102.63,24.11,2474.5,13.9,1
2024-07-07T16:00:00,103.29,23.49,2426.3,13.92,1
2024-07-07T16:05:00,102.33,22.96,2349.9,13.9,1
2024-07-07T16:10:00,102.4,22.39,2292.8,13.93,1
2024-07-07T16:15:00,100.25,22.32,2237.3,13.8,1
2024-07-07T16:20:00,100.82,21.54,2171.6,13.75,1
2024-07-07T16:25:00,100.45,21.11,2120.7,13.78,1
2024-07-07T16:30:00,99.22,20.7,2053.8,13.81,1
2024-07-07T16:35:00,99.47,20.28,2017.5,13.75,1
2024-07-07T16:40:00,98.68,19.65,1939.1,13.74,1
2024-07-07T16:45:00,97.22,19.19,1865.5,13.7,1
2024-07-07T16:50:00,97.88,18.55,1815.3,13.68,1
2024-07-07T16:55:00,96.79,18.12,1753.8,13.79,1
2024-07-07T17:00:00,96.24,17.31,1665.9,13.74,1
2024-07-07T17:05:00,94.36,16.82,1586.7,13.57,1
2024-07-07T17:10:00,94.18,16.49,1552.6,13.53,1
2024-07-07T17:15:00,93.46,15.7,1467.1,13.63,1
2024-07-07T17:20:00,93.65,15.04,1408.9,13.6,1
2024-07-07T17:25:00,92.82,14.5,1346.3,13.64,1
2024-07-07T17:30:00,92.7,13.93,1291.0,13.63,1
2024-07-07T17:35:00,91.73,13.28,1218.2,13.59,1
2024-07-07T17:40:00,91.12,12.48,1137.0,13.51,1
2024-07-07T17:45:00,90.23,12.32,1111.9,13.58,1
2024-07-07T17:50:00,90.16,11.05,996.0,13.42,1
2024-07-07T17:55:00,88.86,11.04,980.7,13.45,1
2024-07-07T18:00:00,89.08,9.94,885.1,13.5,1
2024-07-07T18:05:00,88.37,9.51,840.5,13.5,1
2024-07-07T18:10:00,87.32,8.9,777.0,13.45,1
2024-07-07T18:15:00,87.2,8.18,713.6,13.44,1
2024-07-07T18:20:00,85.49,7.99,683.3,13.38,1
2024-07-07T18:25:00,85.31,7.07,603.0,13.38,1
2024-07-07T18:30:00,85.06,6.38,542.4,13.31,1
2024-07-07T18:35:00,84.43,5.48,463.1,13.34,1
2024-07-07T18:40:00,84.42,5.15,434.4,13.4,1
2024-07-07T18:45:00,83.24,4.47,371.9,13.24,1
2024-07-07T18:50:00,83.74,4.0,335.1,13.27,1
2024-07-07T18:55:00,82.55,3.25,268.6,13.3,1
2024-07-07T19:00:00,81.67,2.85,232.6,13.28,1
2024-07-07T19:05:00,82.14,2.26,185.3,13.28,1
2024-07-07T19:10:00,80.37,1.75,140.3,13.22,1
2024-07-07T19:15:00,81.13,1.29,104.5,13.24,1
2024-07-07T19:20:00,81.13,0.56,45.7,13.09,1
2024-07-07T19:25:00,80.69,0.14,11.0,13.17,0
2024-07-07T19:30:00,78.77,0.25,20.0,13.26,0
2024-07-07T19:35:00,80.11,0.37,29.9,13.22,1
2024-07-07T19:40:00,0.0,0.0,0.0,0.0,0
2024-07-07T19:45:00,80.08,0.16,13.0,13.16,0
2024-07-07T19:50:00,0.0,0.0,6.2,0.0,0
2024-07-07T19:55:00,0.0,0.0,0.0,0.0,0
2024-07-07T20:00:00,0.0,0.0,2.2,0.0,0
2024-07-07T20:05:00,0.0,0.0,0.0,0.0,0
2024-07-07T20:10:00,0.0,0.0,0.0,0.0,0
2024-07-07T20:15:00,0.0,0.0,0.0,0.0,0
2024-07-07T20:20:00,0.0,0.0,0.0,0.0,0
2024-07-07T20:25:00,0.0,0.0,7.0,0.0,0
2024-07-07T20:30:00,0.0,0.0,0.0,0.0,0
2024-07-07T20:35:00,0.0,0.0,0.0,0.0,0
2024-07-07T20:40:00,79.22,0.31,24.4,13.19,1
2024-07-07T20:45:00,0.0,0.0,0.0,0.0,0
2024-07-07T20:50:00,0.0,0.0,0.0,0.0,0
2024-07-07T20:55:00,0.0,0.0,0.0,0.0,0
2024-07-07T21:00:00,0.0,0.0,0.0,0.0,0
2024-07-07T21:05:00,0.0,0.0,1.2,0.0,0
2024-07-07T21:10:00,0.0,0.0,0.0,0.0,0
2024-07-07T21:15:00,0.0,0.0,4.8,0.0,0
2024-07-07T21:20:00,79.54,0.27,21.6,13.24,1
2024-07-07T21:25:00,79.98,0.17,13.7,13.2,0
2024-07-07T21:30:00,0.0,0.0,0.0,0.0,0
2024-07-07T21:35:00,0.0,0.0,0.0,0.0,0
2024-07-07T21:40:00,0.0,0.0,3.6,0.0,0
2024-07-07T21:45:00,0.0,0.0,0.0,0.0,0
2024-07-07T21:50:00,0.0,0.0,0.0,0.0,0
2024-07-07T21:55:00,0.0,0.0,0.0,0.0,0
2024-07-07T22:00:00,79.93,0.25,19.7,13.21,0
2024-07-07T22:05:00,0.0,0.0,0.0,0.0,0
2024-07-07T22:10:00,0.0,0.0,0.0,0.0,0
2024-07-07T22:15:00,79.86,0.52,41.4,13.25,1
2024-07-07T22:20:00,79.57,0.22,17.8,13.2,0
2024-07-07T22:25:00,0.0,0.0,9.2,0.0,0
2024-07-07T22:30:00,0.0,0.0,0.6,0.0,0
2024-07-07T22:35:00,0.0,0.0,0.0,0.0,0
2024-07-07T22:40:00,79.93,0.26,20.9,13.19,1
2024-07-07T22:45:00,0.0,0.0,4.1,0.0,0
2024-07-07T22:50:00,80.3,0.13,10.7,13.14,0
2024-07-07T22:55:00,0.0,0.0,0.0,0.0,0
2024-07-07T23:00:00,0.0,0.0,0.0,0.0,0
2024-07-07T23:05:00,0.0,0.0,0.0,0.0,0
2024-07-07T23:10:00,0.0,0.0,0.0,0.0,0
2024-07-07T23:15:00,0.0,0.0,0.0,0.0,0
2024-07-07T23:20:00,80.44,0.18,14.9,13.23,0
2024-07-07T23:25:00,0.0,0.0,6.4,0.0,0
2024-07-07T23:30:00,79.9,0.19,15.0,13.15,0
2024-07-07T23:35:00,0.0,0.0,0.0,0.0,0
2024-07-07T23:40:00,0.0,0.0,2.3,0.0,0
2024-07-07T23:45:00,0.0,0.0,0.0,0.0,0
2024-07-07T23:50:00,0.0,0.0,0.0,0.0,0
2024-07-07T23:55:00,0.0,0.0,0.0,0.0,0
